REF_AREA,CURRENCY_DENOM,TIME_PERIOD,OBS_VALUE
AT,EUR,2014-01,7040
AT,EUR,2014-02,5242
AT,EUR,2014-03,6298
AT,EUR,2014-04,6839
AT,EUR,2014-05,9598
AT,EUR,2014-06,8470
AT,EUR,2014-07,5480
AT,EUR,2014-08,3324
AT,EUR,2014-09,4674
AT,EUR,2014-10,8792
AT,EUR,2014-11,5076
AT,EUR,2014-12,3974
AT,EUR,2015-01,3500
AT,EUR,2015-02,4969
AT,EUR,2015-03,4955
AT,EUR,2015-04,2249
AT,EUR,2015-05,2313
AT,EUR,2015-06,6940
AT,EUR,2015-07,5319
AT,EUR,2015-08,3445
AT,EUR,2015-09,5664
AT,EUR,2015-10,4661
AT,EUR,2015-11,4232
AT,EUR,2015-12,5474
AT,EUR,2016-01,5173
AT,EUR,2016-02,10407
AT,EUR,2016-03,3255
AT,EUR,2016-04,3729
AT,EUR,2016-05,3045
AT,EUR,2016-06,3196
AT,EUR,2016-07,2926
AT,EUR,2016-08,2496
AT,EUR,2016-09,5197
AT,EUR,2016-10,15254
AT,EUR,2016-11,6934
AT,EUR,2016-12,4592
AT,EUR,2017-01,5815
AT,EUR,2017-02,4806
AT,EUR,2017-03,5982
AT,EUR,2017-04,7978
AT,EUR,2017-05,3099
AT,EUR,2017-06,4449
AT,EUR,2017-07,3187
AT,EUR,2017-08,3492
AT,EUR,2017-09,13527
AT,EUR,2017-10,2478
AT,EUR,2017-11,3838
AT,EUR,2017-12,2577
AT,EUR,2018-01,12015
AT,EUR,2018-02,2716
AT,EUR,2018-03,4441
AT,EUR,2018-04,3750
AT,EUR,2018-05,3132
AT,EUR,2018-06,5292
AT,EUR,2018-07,5363
AT,EUR,2018-08,2081
AT,EUR,2018-09,4900
AT,EUR,2018-10,2938
AT,EUR,2018-11,2124
AT,EUR,2018-12,4853
AT,EUR,2019-01,4861
AT,EUR,2019-02,8524
AT,EUR,2019-03,7026
AT,EUR,2019-04,5624
AT,EUR,2019-05,5498
AT,EUR,2019-06,5493
AT,EUR,2019-07,7829
AT,EUR,2019-08,3182
AT,EUR,2019-09,6637
AT,EUR,2019-10,6086
AT,EUR,2019-11,5026
AT,EUR,2019-12,4573
AT,EUR,2020-01,9468
AT,EUR,2020-02,6423
AT,EUR,2020-03,11541
AT,EUR,2020-04,15924
AT,EUR,2020-05,8923
AT,EUR,2020-06,19060
AT,EUR,2020-07,13427
AT,EUR,2020-08,5523
AT,EUR,2020-09,10852
AT,EUR,2020-10,13450
AT,EUR,2020-11,8365
AT,EUR,2020-12,6087.032931527499
AT,EUR,2021-01,6905.360049000001
AT,EUR,2021-02,8663.530999999999
AT,EUR,2021-03,25982.297921999998
AT,EUR,2021-04,18630.33482939816
AT,EUR,2021-05,11818.876038
AT,EUR,2021-06,12552.612003999999
AT,EUR,2021-07,8512.17402039816
AT,EUR,2021-08,19780.894469000003
AT,EUR,2021-09,24133.720877
AT,EUR,2021-10,15866.922436
AT,EUR,2021-11,9437.215419
AT,EUR,2021-12,8209.554142
AT,EUR,2022-01,24210.179825
AT,EUR,2022-02,13449.601789999999
AT,EUR,2022-03,15360.115565
AT,EUR,2022-04,19687.016033
AT,EUR,2022-05,24020.057037
AT,EUR,2022-06,16297.580317
AT,EUR,2022-07,12185.391994000001
AT,EUR,2022-08,12081.773606000002
AT,EUR,2022-09,17437.73558
AT,EUR,2022-10,16775.84036
AT,EUR,2022-11,13435.707462
AT,EUR,2022-12,7756.733923999999
AT,EUR,2023-01,38209.252449
AT,EUR,2023-02,20848.452335
AT,EUR,2023-03,22101.746015
AT,EUR,2023-04,27094.964496
AT,EUR,2023-05,15452.806776000001
AT,EUR,2023-06,13300.973699000002
AT,EUR,2023-07,20763.678761
AT,EUR,2023-08,13431.976059999999
AT,EUR,2023-09,12619.715892
AT,EUR,2023-10,18874.585992
AT,EUR,2023-11,10215.181027999999
AT,EUR,2023-12,3889.787711
AT,EUR,2024-01,26704.268244
AT,EUR,2024-02,14056.486013999998
AT,EUR,2024-03,13043.693885240002
AT,EUR,2024-04,15805.525983
AT,EUR,2024-05,18017.536804
AT,EUR,2024-06,14320.097441
AT,EUR,2024-07,16862.4194689999
AT,EUR,2024-08,11561.472161
AT,EUR,2024-09,21712.887193
AT,EUR,2024-10,17824.471509000003
AT,EUR,2024-11,15888.118025
AT,EUR,2024-12,6722.325837999901
AT,EUR,2025-01,22641.103519000004
AT,EUR,2025-02,24700.630508
AT,EUR,2025-03,18853.261598
AT,EUR,2025-04,28097.893259000004
AT,EUR,2025-05,19973.4554009999
AT,EUR,2025-06,14192.624657999999
AT,EUR,2025-07,16625.916187
AT,EUR,2025-08,9328.919856999999
AT,EUR,2025-09,17326.878770409
AT,EUR,2025-10,16379.201741329902
AT,EUR,2025-11,14337.061224100002
AT,EUR,2025-12,8357.87497995
AT,EUR,2026-01,26112.23908082
AT,EUR,2026-02,17520.2668877095
AT,EUR,2026-03,17585.409537699998
AT,EUR,2026-04,19200.31098704
AT,EUR,2026-05,13230.78373159
AT,EUR,2026-06,20960.245525079998
AT,EUR,2026-07,9348.5
AT,X1,2014-01,1924
AT,X1,2014-02,1547
AT,X1,2014-03,3188
AT,X1,2014-04,4383
AT,X1,2014-05,3576
AT,X1,2014-06,1820
AT,X1,2014-07,3455
AT,X1,2014-08,1115
AT,X1,2014-09,2361
AT,X1,2014-10,7745
AT,X1,2014-11,3557
AT,X1,2014-12,2932
AT,X1,2015-01,1733
AT,X1,2015-02,3034
AT,X1,2015-03,2272
AT,X1,2015-04,922
AT,X1,2015-05,3102
AT,X1,2015-06,1611
AT,X1,2015-07,5439
AT,X1,2015-08,2244
AT,X1,2015-09,3541
AT,X1,2015-10,1971
AT,X1,2015-11,1833
AT,X1,2015-12,1471
AT,X1,2016-01,3466
AT,X1,2016-02,2612
AT,X1,2016-03,1808
AT,X1,2016-04,3486
AT,X1,2016-05,1397
AT,X1,2016-06,1861
AT,X1,2016-07,1278
AT,X1,2016-08,1457
AT,X1,2016-09,3961
AT,X1,2016-10,3185
AT,X1,2016-11,2589
AT,X1,2016-12,2141
AT,X1,2017-01,3209
AT,X1,2017-02,3040
AT,X1,2017-03,3333
AT,X1,2017-04,2574
AT,X1,2017-05,4006
AT,X1,2017-06,3378
AT,X1,2017-07,1966
AT,X1,2017-08,3087
AT,X1,2017-09,1389
AT,X1,2017-10,1358
AT,X1,2017-11,1707
AT,X1,2017-12,1054
AT,X1,2018-01,2583
AT,X1,2018-02,3467
AT,X1,2018-03,2982
AT,X1,2018-04,2666
AT,X1,2018-05,1789
AT,X1,2018-06,1169
AT,X1,2018-07,1772
AT,X1,2018-08,1081
AT,X1,2018-09,2178
AT,X1,2018-10,2608
AT,X1,2018-11,3958
AT,X1,2018-12,1784
AT,X1,2019-01,3116
AT,X1,2019-02,1868
AT,X1,2019-03,1790
AT,X1,2019-04,3789
AT,X1,2019-05,2859
AT,X1,2019-06,3202
AT,X1,2019-07,2815
AT,X1,2019-08,1233
AT,X1,2019-09,1972
AT,X1,2019-10,3192
AT,X1,2019-11,2973
AT,X1,2019-12,1787
AT,X1,2020-01,2813
AT,X1,2020-02,2303
AT,X1,2020-03,2716
AT,X1,2020-04,890
AT,X1,2020-05,3538
AT,X1,2020-06,7854
AT,X1,2020-07,7246
AT,X1,2020-08,2514
AT,X1,2020-09,5317
AT,X1,2020-10,5564
AT,X1,2020-11,2107
AT,X1,2020-12,4315.997071503919
AT,X1,2021-01,7300.889137483545
AT,X1,2021-02,7193.143800000001
AT,X1,2021-03,4763.047692072345
AT,X1,2021-04,3419.7323095767138
AT,X1,2021-05,5273.307711159408
AT,X1,2021-06,3390.9093099999996
AT,X1,2021-07,2854.41770482836
AT,X1,2021-08,4697.678176271788
AT,X1,2021-09,9681.1177895938
AT,X1,2021-10,7343.214912717001
AT,X1,2021-11,13136.249404364347
AT,X1,2021-12,8622.312574022691
AT,X1,2022-01,9821.012729355
AT,X1,2022-02,9342.957355371116
AT,X1,2022-03,9613.09551
AT,X1,2022-04,15760.288399223453
AT,X1,2022-05,11228.03125758536
AT,X1,2022-06,6639.875649099027
AT,X1,2022-07,8147.797540112453
AT,X1,2022-08,4861.1768780040575
AT,X1,2022-09,4794.684548514901
AT,X1,2022-10,21411.977936935727
AT,X1,2022-11,14970.417129997557
AT,X1,2022-12,3471.751836103887
AT,X1,2023-01,10966.533824316297
AT,X1,2023-02,12553.201100992199
AT,X1,2023-03,14761.938151015607
AT,X1,2023-04,10720.36620069153
AT,X1,2023-05,10748.440040456671
AT,X1,2023-06,4324.0436758072965
AT,X1,2023-07,7996.50486416053
AT,X1,2023-08,5108.10656
AT,X1,2023-09,3753.240957941229
AT,X1,2023-10,7587.336944308518
AT,X1,2023-11,2266.465321847787
AT,X1,2023-12,1034.325052137715
AT,X1,2024-01,4261.6696107264
AT,X1,2024-02,3351.4274510244477
AT,X1,2024-03,2703.904673046899
AT,X1,2024-04,5733.299099694417
AT,X1,2024-05,3024.9303195303187
AT,X1,2024-06,2408.3638213246004
AT,X1,2024-07,3256.415028959731
AT,X1,2024-08,2981.61517
AT,X1,2024-09,3839.3435361251004
AT,X1,2024-10,4453.3499809697505
AT,X1,2024-11,5070.634746981131
AT,X1,2024-12,1377.0112448473428
AT,X1,2025-01,5116.47009903846
AT,X1,2025-02,4163.40005076923
AT,X1,2025-03,4850.47062393729
AT,X1,2025-04,4857.85144219365
AT,X1,2025-05,3888.1233
AT,X1,2025-06,2289.59626692191
AT,X1,2025-07,5413.5418918794
AT,X1,2025-08,3008.200922286565
AT,X1,2025-09,8827.2806905695
AT,X1,2025-10,10024.874384011
AT,X1,2025-11,4133.853907138368
AT,X1,2025-12,4700.411235334911
AT,X1,2026-01,11064.814107943861
AT,X1,2026-02,4158.78742556435
AT,X1,2026-03,9291.677621536792
AT,X1,2026-04,8885.106395737599
AT,X1,2026-05,5778.2435735927
AT,X1,2026-06,2200.85302693816
AT,X1,2026-07,3466.0798
AT,_T,2014-01,8964
AT,_T,2014-02,6789
AT,_T,2014-03,9486
AT,_T,2014-04,11222
AT,_T,2014-05,13174
AT,_T,2014-06,10290
AT,_T,2014-07,8935
AT,_T,2014-08,4439
AT,_T,2014-09,7035
AT,_T,2014-10,16537
AT,_T,2014-11,8633
AT,_T,2014-12,6906
AT,_T,2015-01,5233
AT,_T,2015-02,8003
AT,_T,2015-03,7227
AT,_T,2015-04,3171
AT,_T,2015-05,5415
AT,_T,2015-06,8551
AT,_T,2015-07,10758
AT,_T,2015-08,5689
AT,_T,2015-09,9205
AT,_T,2015-10,6632
AT,_T,2015-11,6065
AT,_T,2015-12,6945
AT,_T,2016-01,8639
AT,_T,2016-02,13019
AT,_T,2016-03,5063
AT,_T,2016-04,7215
AT,_T,2016-05,4442
AT,_T,2016-06,5057
AT,_T,2016-07,4204
AT,_T,2016-08,3953
AT,_T,2016-09,9158
AT,_T,2016-10,18439
AT,_T,2016-11,9523
AT,_T,2016-12,6733
AT,_T,2017-01,9024
AT,_T,2017-02,7846
AT,_T,2017-03,9315
AT,_T,2017-04,10552
AT,_T,2017-05,7105
AT,_T,2017-06,7827
AT,_T,2017-07,5153
AT,_T,2017-08,6579
AT,_T,2017-09,14916
AT,_T,2017-10,3836
AT,_T,2017-11,5545
AT,_T,2017-12,3631
AT,_T,2018-01,14598
AT,_T,2018-02,6183
AT,_T,2018-03,7423
AT,_T,2018-04,6416
AT,_T,2018-05,4921
AT,_T,2018-06,6461
AT,_T,2018-07,7135
AT,_T,2018-08,3162
AT,_T,2018-09,7078
AT,_T,2018-10,5546
AT,_T,2018-11,6082
AT,_T,2018-12,6637
AT,_T,2019-01,7977
AT,_T,2019-02,10392
AT,_T,2019-03,8816
AT,_T,2019-04,9413
AT,_T,2019-05,8357
AT,_T,2019-06,8695
AT,_T,2019-07,10644
AT,_T,2019-08,4415
AT,_T,2019-09,8609
AT,_T,2019-10,9278
AT,_T,2019-11,7999
AT,_T,2019-12,6360
AT,_T,2020-01,12281
AT,_T,2020-02,8726
AT,_T,2020-03,14257
AT,_T,2020-04,16814
AT,_T,2020-05,12461
AT,_T,2020-06,26914
AT,_T,2020-07,20673
AT,_T,2020-08,8037
AT,_T,2020-09,16169
AT,_T,2020-10,19014
AT,_T,2020-11,10472
AT,_T,2020-12,10403.030003031417
AT,_T,2021-01,14206.249186483545
AT,_T,2021-02,15856.6748
AT,_T,2021-03,30745.345614072343
AT,_T,2021-04,22050.067138974875
AT,_T,2021-05,17092.183749159412
AT,_T,2021-06,15943.521314
AT,_T,2021-07,11366.591725226519
AT,_T,2021-08,24478.57264527179
AT,_T,2021-09,33814.8386665938
AT,_T,2021-10,23210.137348717
AT,_T,2021-11,22573.464823364346
AT,_T,2021-12,16831.86671602269
AT,_T,2022-01,34031.192554354995
AT,_T,2022-02,22792.559145371113
AT,_T,2022-03,24973.211075
AT,_T,2022-04,35447.30443222345
AT,_T,2022-05,35248.08829458536
AT,_T,2022-06,22937.455966099027
AT,_T,2022-07,20333.189534112455
AT,_T,2022-08,16942.95048400406
AT,_T,2022-09,22232.420128514903
AT,_T,2022-10,38187.81829693573
AT,_T,2022-11,28406.12459199756
AT,_T,2022-12,11228.48576010389
AT,_T,2023-01,49175.78627331629
AT,_T,2023-02,33401.65343599219
AT,_T,2023-03,36863.684166015606
AT,_T,2023-04,37815.330696691526
AT,_T,2023-05,26201.24681645667
AT,_T,2023-06,17625.017374807296
AT,_T,2023-07,28760.183625160527
AT,_T,2023-08,18540.08262
AT,_T,2023-09,16372.956849941229
AT,_T,2023-10,26461.922936308525
AT,_T,2023-11,12481.646349847786
AT,_T,2023-12,4924.112763137715
AT,_T,2024-01,30965.9378547264
AT,_T,2024-02,17407.913465024445
AT,_T,2024-03,15747.5985582869
AT,_T,2024-04,21538.825082694417
AT,_T,2024-05,21042.467123530318
AT,_T,2024-06,16728.4612623246
AT,_T,2024-07,20118.83449795963
AT,_T,2024-08,14543.087330999999
AT,_T,2024-09,25552.230729125098
AT,_T,2024-10,22277.82148996975
AT,_T,2024-11,20958.752771981133
AT,_T,2024-12,8099.337082847243
AT,_T,2025-01,27757.573618038463
AT,_T,2025-02,28864.03055876923
AT,_T,2025-03,23703.732221937287
AT,_T,2025-04,32955.74470119365
AT,_T,2025-05,23861.5787009999
AT,_T,2025-06,16482.22092492191
AT,_T,2025-07,22039.458078879397
AT,_T,2025-08,12337.120779286564
AT,_T,2025-09,26154.159460978502
AT,_T,2025-10,26404.0761253409
AT,_T,2025-11,18470.91513123837
AT,_T,2025-12,13058.286215284912
AT,_T,2026-01,37177.05318876386
AT,_T,2026-02,21679.05431327385
AT,_T,2026-03,26877.08715923679
AT,_T,2026-04,28085.417382777596
AT,_T,2026-05,19009.0273051827
AT,_T,2026-06,23161.098552018157
AT,_T,2026-07,12814.5798
BE,EUR,2014-01,23024.379
BE,EUR,2014-02,21117.436999999998
BE,EUR,2014-03,24211.817
BE,EUR,2014-04,18267.154000000002
BE,EUR,2014-05,22597.926
BE,EUR,2014-06,17179.172
BE,EUR,2014-07,16510.213
BE,EUR,2014-08,14062.023000000001
BE,EUR,2014-09,17337.389
BE,EUR,2014-10,18444.816
BE,EUR,2014-11,16700.182999999997
BE,EUR,2014-12,16787.864
BE,EUR,2015-01,20946.969
BE,EUR,2015-02,21034.824
BE,EUR,2015-03,24423.996
BE,EUR,2015-04,22418.496
BE,EUR,2015-05,19558.872000000003
BE,EUR,2015-06,17446.136
BE,EUR,2015-07,21143.623
BE,EUR,2015-08,12304.694
BE,EUR,2015-09,17744.123
BE,EUR,2015-10,21644.008
BE,EUR,2015-11,21975.026
BE,EUR,2015-12,14273.998
BE,EUR,2016-01,24119.477000000003
BE,EUR,2016-02,15394.152
BE,EUR,2016-03,30995.03
BE,EUR,2016-04,18841.703999999998
BE,EUR,2016-05,23220.677
BE,EUR,2016-06,16258.982
BE,EUR,2016-07,19894.585
BE,EUR,2016-08,11569.376
BE,EUR,2016-09,20417.147
BE,EUR,2016-10,18554.574
BE,EUR,2016-11,17555.979
BE,EUR,2016-12,16225.053
BE,EUR,2017-01,23330.847
BE,EUR,2017-02,20099.424
BE,EUR,2017-03,24318.464
BE,EUR,2017-04,19501.363
BE,EUR,2017-05,26940.72
BE,EUR,2017-06,25211.803
BE,EUR,2017-07,17520.717000000004
BE,EUR,2017-08,19048.316
BE,EUR,2017-09,26709.724
BE,EUR,2017-10,20856.271
BE,EUR,2017-11,16842.804
BE,EUR,2017-12,19222.57
BE,EUR,2018-01,28457.05
BE,EUR,2018-02,19147.331000000002
BE,EUR,2018-03,32225.630999999998
BE,EUR,2018-04,20461.637
BE,EUR,2018-05,14488.903
BE,EUR,2018-06,23618.477
BE,EUR,2018-07,19021.553
BE,EUR,2018-08,11651.843
BE,EUR,2018-09,24746.325
BE,EUR,2018-10,18567.088
BE,EUR,2018-11,22478.449999999997
BE,EUR,2018-12,20079.324999999997
BE,EUR,2019-01,30612.277
BE,EUR,2019-02,24704.362
BE,EUR,2019-03,22904.994
BE,EUR,2019-04,19001.559
BE,EUR,2019-05,18309.835
BE,EUR,2019-06,16259.367
BE,EUR,2019-07,15245.163999999999
BE,EUR,2019-08,12204.760000000002
BE,EUR,2019-09,18419.694
BE,EUR,2019-10,12621.003
BE,EUR,2019-11,17819.131
BE,EUR,2019-12,14209.003
BE,EUR,2020-01,29803.679000000004
BE,EUR,2020-02,24892.535
BE,EUR,2020-03,24026.305
BE,EUR,2020-04,42453.485
BE,EUR,2020-05,27312.559
BE,EUR,2020-06,33272.393
BE,EUR,2020-07,25861.464
BE,EUR,2020-08,14116.731000000002
BE,EUR,2020-09,24764.347999999998
BE,EUR,2020-10,17734.629
BE,EUR,2020-11,16054.881
BE,EUR,2020-12,15724.893
BE,EUR,2021-01,27104.561999999998
BE,EUR,2021-02,23582.497199999998
BE,EUR,2021-03,23170.344330000004
BE,EUR,2021-04,12909.779
BE,EUR,2021-05,16889.751
BE,EUR,2021-06,21389.735200000003
BE,EUR,2021-07,21726.379
BE,EUR,2021-08,14884.023863999999
BE,EUR,2021-09,25970.41445834
BE,EUR,2021-10,27171.787
BE,EUR,2021-11,26716.855894400003
BE,EUR,2021-12,10721.925
BE,EUR,2022-01,24223.508
BE,EUR,2022-02,22306.15
BE,EUR,2022-03,32722.243000000002
BE,EUR,2022-04,31599.840000000004
BE,EUR,2022-05,28285.701999999997
BE,EUR,2022-06,27264.4401
BE,EUR,2022-07,28319.146
BE,EUR,2022-08,19981.75
BE,EUR,2022-09,41452.668900000004
BE,EUR,2022-10,30066.27019622
BE,EUR,2022-11,43314.224
BE,EUR,2022-12,23459.565599999998
BE,EUR,2023-01,41332.3542
BE,EUR,2023-02,41696.458
BE,EUR,2023-03,47270.132
BE,EUR,2023-04,39976.345
BE,EUR,2023-05,39483.083000000006
BE,EUR,2023-06,39955.477999999996
BE,EUR,2023-07,32486.222
BE,EUR,2023-08,28193.614999999998
BE,EUR,2023-09,52817.94530000001
BE,EUR,2023-10,29189.275319760003
BE,EUR,2023-11,23072.701
BE,EUR,2023-12,25587.7393
BE,EUR,2024-01,45127.03
BE,EUR,2024-02,33004.037047260004
BE,EUR,2024-03,36844.7768
BE,EUR,2024-04,31178.338
BE,EUR,2024-05,20250.345999999998
BE,EUR,2024-06,32348.042799999996
BE,EUR,2024-07,26499.26
BE,EUR,2024-08,26374.317499999997
BE,EUR,2024-09,43408.499683771995
BE,EUR,2024-10,41614.42786386
BE,EUR,2024-11,26623.136
BE,EUR,2024-12,22944.7068
BE,EUR,2025-01,45537.63258179
BE,EUR,2025-02,27754.377
BE,EUR,2025-03,44173.5202
BE,EUR,2025-04,36344.2126
BE,EUR,2025-05,39047.296
BE,EUR,2025-06,32403.834546416
BE,EUR,2025-07,37218.077000000005
BE,EUR,2025-08,25713.1678795
BE,EUR,2025-09,29605.3444
BE,EUR,2025-10,36511.128823140796
BE,EUR,2025-11,25067.602999999996
BE,EUR,2025-12,24521.95588142
BE,EUR,2026-01,41058.9429413072
BE,EUR,2026-02,34061.164
BE,EUR,2026-03,34739.100661292
BE,EUR,2026-04,28429.351349579498
BE,EUR,2026-05,37705.5259207753
BE,EUR,2026-06,33849.0897146435
BE,EUR,2026-07,28941.9776075287
BE,X1,2014-01,3319.677
BE,X1,2014-02,3352.452
BE,X1,2014-03,3658.936
BE,X1,2014-04,1917.647
BE,X1,2014-05,3331.483
BE,X1,2014-06,3297.158
BE,X1,2014-07,6713.8189999999995
BE,X1,2014-08,5121.646000000001
BE,X1,2014-09,8249.555
BE,X1,2014-10,4851.348999999999
BE,X1,2014-11,9902.664999999999
BE,X1,2014-12,7724.665
BE,X1,2015-01,7440.746
BE,X1,2015-02,9712.21
BE,X1,2015-03,12778.692000000001
BE,X1,2015-04,6393.56
BE,X1,2015-05,6056.901000000001
BE,X1,2015-06,6300.585
BE,X1,2015-07,7258.8679999999995
BE,X1,2015-08,3299.9570000000003
BE,X1,2015-09,9521.189
BE,X1,2015-10,12660.838
BE,X1,2015-11,8844.644
BE,X1,2015-12,4981.932000000001
BE,X1,2016-01,8081.488
BE,X1,2016-02,8789.844
BE,X1,2016-03,8910.799
BE,X1,2016-04,12433.795
BE,X1,2016-05,4103.697
BE,X1,2016-06,3722.7459999999996
BE,X1,2016-07,3073.429
BE,X1,2016-08,8299.914999999999
BE,X1,2016-09,9803.523
BE,X1,2016-10,9673.348
BE,X1,2016-11,11041.730999999998
BE,X1,2016-12,11195.581999999999
BE,X1,2017-01,9230.538
BE,X1,2017-02,7944.422
BE,X1,2017-03,13693.601
BE,X1,2017-04,9028.55
BE,X1,2017-05,10131.413999999999
BE,X1,2017-06,11475.010999999999
BE,X1,2017-07,9635.074999999999
BE,X1,2017-08,9674.527
BE,X1,2017-09,17476.985
BE,X1,2017-10,16616.658
BE,X1,2017-11,16203.776
BE,X1,2017-12,10230.052000000001
BE,X1,2018-01,7722.359
BE,X1,2018-02,8097.785
BE,X1,2018-03,10924.070000000002
BE,X1,2018-04,7009.4619999999995
BE,X1,2018-05,8158.245999999999
BE,X1,2018-06,14015.436999999998
BE,X1,2018-07,10471.919
BE,X1,2018-08,12929.44
BE,X1,2018-09,11780.75
BE,X1,2018-10,12824.836
BE,X1,2018-11,8329.425000000001
BE,X1,2018-12,2796.2089999999994
BE,X1,2019-01,8257.653
BE,X1,2019-02,10525.229
BE,X1,2019-03,6184.264
BE,X1,2019-04,8130.527000000001
BE,X1,2019-05,11192.612
BE,X1,2019-06,1731.0489999999998
BE,X1,2019-07,5595.907
BE,X1,2019-08,9690.177
BE,X1,2019-09,16054.278
BE,X1,2019-10,12859.074999999999
BE,X1,2019-11,11746.432999999999
BE,X1,2019-12,4507.805
BE,X1,2020-01,15415.653
BE,X1,2020-02,9229.565999999999
BE,X1,2020-03,5353.751
BE,X1,2020-04,11242.163999999999
BE,X1,2020-05,7573.989
BE,X1,2020-06,7757.324
BE,X1,2020-07,3535.583
BE,X1,2020-08,5111.549999999999
BE,X1,2020-09,8686.951000000001
BE,X1,2020-10,2626.45
BE,X1,2020-11,8928.381000000001
BE,X1,2020-12,6082.179099999999
BE,X1,2021-01,12320.743846281
BE,X1,2021-02,6745.6958
BE,X1,2021-03,8754.99999
BE,X1,2021-04,6455.80849
BE,X1,2021-05,5568.61566
BE,X1,2021-06,8016.17594
BE,X1,2021-07,6473.4485700000005
BE,X1,2021-08,3863.63681
BE,X1,2021-09,11672.66938
BE,X1,2021-10,4907.22801
BE,X1,2021-11,7988.264520000001
BE,X1,2021-12,3651.6277999999998
BE,X1,2022-01,7715.86554
BE,X1,2022-02,7057.56848
BE,X1,2022-03,14569.933040000002
BE,X1,2022-04,10322.929171193
BE,X1,2022-05,12045.054909999999
BE,X1,2022-06,11667.73315
BE,X1,2022-07,9885.747489999998
BE,X1,2022-08,12534.36359
BE,X1,2022-09,16529.679790000002
BE,X1,2022-10,13896.73344
BE,X1,2022-11,19929.90067
BE,X1,2022-12,5463.80812
BE,X1,2023-01,14569.93803
BE,X1,2023-02,17389.527199999997
BE,X1,2023-03,11038.49583
BE,X1,2023-04,7764.26285
BE,X1,2023-05,9921.3279154545
BE,X1,2023-06,12946.560130000002
BE,X1,2023-07,7417.620629999999
BE,X1,2023-08,12073.747453636299
BE,X1,2023-09,9648.08647
BE,X1,2023-10,7620.8265
BE,X1,2023-11,11022.99771
BE,X1,2023-12,7447.99907
BE,X1,2024-01,12951.82679
BE,X1,2024-02,11075.85382
BE,X1,2024-03,7851.7202099999995
BE,X1,2024-04,10439.817759999998
BE,X1,2024-05,11493.07859
BE,X1,2024-06,9461.7058
BE,X1,2024-07,10200.99467
BE,X1,2024-08,13557.64393
BE,X1,2024-09,10188.7994977785
BE,X1,2024-10,8896.74484
BE,X1,2024-11,9292.06465
BE,X1,2024-12,6319.878479999999
BE,X1,2025-01,10121.84365
BE,X1,2025-02,10186.24904
BE,X1,2025-03,6105.74311
BE,X1,2025-04,9863.543652784489
BE,X1,2025-05,13100.212463954
BE,X1,2025-06,6979.40636
BE,X1,2025-07,8164.93932
BE,X1,2025-08,6299.9988063645005
BE,X1,2025-09,10029.40121
BE,X1,2025-10,9989.953668551001
BE,X1,2025-11,8809.8804742
BE,X1,2025-12,3844.10012
BE,X1,2026-01,8741.948699999999
BE,X1,2026-02,5937.80134
BE,X1,2026-03,5006.5249300000005
BE,X1,2026-04,5194.77735
BE,X1,2026-05,9653.99133
BE,X1,2026-06,7212.961809999999
BE,X1,2026-07,6692.70686
BE,_T,2014-01,26344.055999999997
BE,_T,2014-02,24469.889000000003
BE,_T,2014-03,27870.753
BE,_T,2014-04,20184.801000000003
BE,_T,2014-05,25929.409
BE,_T,2014-06,20476.33
BE,_T,2014-07,23224.032
BE,_T,2014-08,19183.668999999998
BE,_T,2014-09,25586.944
BE,_T,2014-10,23296.165
BE,_T,2014-11,26602.847999999998
BE,_T,2014-12,24512.529000000002
BE,_T,2015-01,28387.715000000004
BE,_T,2015-02,30747.034
BE,_T,2015-03,37202.688
BE,_T,2015-04,28812.055999999997
BE,_T,2015-05,25615.773
BE,_T,2015-06,23746.720999999998
BE,_T,2015-07,28402.490999999998
BE,_T,2015-08,15604.651
BE,_T,2015-09,27265.312
BE,_T,2015-10,34304.846000000005
BE,_T,2015-11,30819.67
BE,_T,2015-12,19255.93
BE,_T,2016-01,32200.964999999997
BE,_T,2016-02,24183.996
BE,_T,2016-03,39905.829
BE,_T,2016-04,31275.499
BE,_T,2016-05,27324.374
BE,_T,2016-06,19981.728
BE,_T,2016-07,22968.014
BE,_T,2016-08,19869.291
BE,_T,2016-09,30220.67
BE,_T,2016-10,28227.922
BE,_T,2016-11,28597.71
BE,_T,2016-12,27420.635000000002
BE,_T,2017-01,32561.385000000002
BE,_T,2017-02,28043.845999999998
BE,_T,2017-03,38012.065
BE,_T,2017-04,28529.913
BE,_T,2017-05,37072.134000000005
BE,_T,2017-06,36686.814
BE,_T,2017-07,27155.792
BE,_T,2017-08,28722.843
BE,_T,2017-09,44186.709
BE,_T,2017-10,37472.929000000004
BE,_T,2017-11,33046.58
BE,_T,2017-12,29452.621999999996
BE,_T,2018-01,36179.409
BE,_T,2018-02,27245.115999999998
BE,_T,2018-03,43149.701
BE,_T,2018-04,27471.099000000002
BE,_T,2018-05,22647.148999999998
BE,_T,2018-06,37633.914000000004
BE,_T,2018-07,29493.472
BE,_T,2018-08,24581.283000000003
BE,_T,2018-09,36527.075
BE,_T,2018-10,31391.924
BE,_T,2018-11,30807.875
BE,_T,2018-12,22875.534
BE,_T,2019-01,38869.93
BE,_T,2019-02,35229.591
BE,_T,2019-03,29089.258
BE,_T,2019-04,27132.086000000003
BE,_T,2019-05,29502.447
BE,_T,2019-06,17990.416
BE,_T,2019-07,20841.070999999996
BE,_T,2019-08,21894.936999999998
BE,_T,2019-09,34473.972
BE,_T,2019-10,25480.077999999998
BE,_T,2019-11,29565.564000000002
BE,_T,2019-12,18716.807999999997
BE,_T,2020-01,45219.332
BE,_T,2020-02,34122.101
BE,_T,2020-03,29380.056
BE,_T,2020-04,53695.649000000005
BE,_T,2020-05,34886.547999999995
BE,_T,2020-06,41029.717000000004
BE,_T,2020-07,29397.047
BE,_T,2020-08,19228.280999999995
BE,_T,2020-09,33451.299
BE,_T,2020-10,20361.078999999998
BE,_T,2020-11,24983.262000000002
BE,_T,2020-12,21807.0721
BE,_T,2021-01,39425.305846281
BE,_T,2021-02,30328.193
BE,_T,2021-03,31925.344319999997
BE,_T,2021-04,19365.587489999998
BE,_T,2021-05,22458.36666
BE,_T,2021-06,29405.91114
BE,_T,2021-07,28199.82757
BE,_T,2021-08,18747.660674
BE,_T,2021-09,37643.08383834
BE,_T,2021-10,32079.015009999996
BE,_T,2021-11,34705.12041440001
BE,_T,2021-12,14373.552800000001
BE,_T,2022-01,31939.373540000004
BE,_T,2022-02,29363.718480000003
BE,_T,2022-03,47292.17604
BE,_T,2022-04,41922.769171192995
BE,_T,2022-05,40330.75691
BE,_T,2022-06,38932.17325
BE,_T,2022-07,38204.89349
BE,_T,2022-08,32516.11359
BE,_T,2022-09,57982.34869
BE,_T,2022-10,43963.003636220004
BE,_T,2022-11,63244.124670000005
BE,_T,2022-12,28923.373720000003
BE,_T,2023-01,55902.29223
BE,_T,2023-02,59085.985199999996
BE,_T,2023-03,58308.62783
BE,_T,2023-04,47740.60784999999
BE,_T,2023-05,49404.4109154545
BE,_T,2023-06,52902.03812999999
BE,_T,2023-07,39903.84263
BE,_T,2023-08,40267.3624536363
BE,_T,2023-09,62466.03177
BE,_T,2023-10,36810.10181976
BE,_T,2023-11,34095.69871
BE,_T,2023-12,33035.73837
BE,_T,2024-01,58078.85679
BE,_T,2024-02,44079.890867259994
BE,_T,2024-03,44696.49701
BE,_T,2024-04,41618.15576
BE,_T,2024-05,31743.424589999995
BE,_T,2024-06,41809.74859999999
BE,_T,2024-07,36700.254669999995
BE,_T,2024-08,39931.961429999996
BE,_T,2024-09,53597.2991815505
BE,_T,2024-10,50511.17270386
BE,_T,2024-11,35915.20065
BE,_T,2024-12,29264.58528
BE,_T,2025-01,55659.47623179
BE,_T,2025-02,37940.626039999996
BE,_T,2025-03,50279.26331000001
BE,_T,2025-04,46207.75625278449
BE,_T,2025-05,52147.508463954
BE,_T,2025-06,39383.240906416
BE,_T,2025-07,45383.01632
BE,_T,2025-08,32013.1666858645
BE,_T,2025-09,39634.74561
BE,_T,2025-10,46501.08249169179
BE,_T,2025-11,33877.4834742
BE,_T,2025-12,28366.05600142
BE,_T,2026-01,49800.8916413072
BE,_T,2026-02,39998.965339999995
BE,_T,2026-03,39745.625591291995
BE,_T,2026-04,33624.1286995795
BE,_T,2026-05,47359.5172507753
BE,_T,2026-06,41062.0515246435
BE,_T,2026-07,35634.6844675287
DE,EUR,2014-01,82778
DE,EUR,2014-02,65049
DE,EUR,2014-03,64214
DE,EUR,2014-04,76520
DE,EUR,2014-05,72347
DE,EUR,2014-06,55781
DE,EUR,2014-07,68085
DE,EUR,2014-08,47777
DE,EUR,2014-09,53988
DE,EUR,2014-10,56740
DE,EUR,2014-11,44648
DE,EUR,2014-12,42158
DE,EUR,2015-01,65784
DE,EUR,2015-02,58920
DE,EUR,2015-03,56051
DE,EUR,2015-04,63780
DE,EUR,2015-05,36731
DE,EUR,2015-06,41019
DE,EUR,2015-07,59364
DE,EUR,2015-08,45678
DE,EUR,2015-09,73966
DE,EUR,2015-10,65686
DE,EUR,2015-11,51151
DE,EUR,2015-12,29500
DE,EUR,2016-01,53384
DE,EUR,2016-02,59285
DE,EUR,2016-03,67349
DE,EUR,2016-04,49454
DE,EUR,2016-05,50889
DE,EUR,2016-06,55964
DE,EUR,2016-07,52140
DE,EUR,2016-08,39938
DE,EUR,2016-09,56988
DE,EUR,2016-10,43907
DE,EUR,2016-11,34650
DE,EUR,2016-12,26234
DE,EUR,2017-01,53491
DE,EUR,2017-02,53049
DE,EUR,2017-03,56398
DE,EUR,2017-04,44345
DE,EUR,2017-05,46044
DE,EUR,2017-06,45269
DE,EUR,2017-07,46996
DE,EUR,2017-08,43758
DE,EUR,2017-09,44530
DE,EUR,2017-10,48423
DE,EUR,2017-11,53924
DE,EUR,2017-12,33906
DE,EUR,2018-01,48189
DE,EUR,2018-02,45432
DE,EUR,2018-03,53909
DE,EUR,2018-04,69673
DE,EUR,2018-05,50275
DE,EUR,2018-06,55897
DE,EUR,2018-07,54051
DE,EUR,2018-08,44448
DE,EUR,2018-09,52049
DE,EUR,2018-10,48200
DE,EUR,2018-11,55043
DE,EUR,2018-12,38024
DE,EUR,2019-01,69161
DE,EUR,2019-02,67746
DE,EUR,2019-03,66015
DE,EUR,2019-04,44062
DE,EUR,2019-05,66317
DE,EUR,2019-06,53656
DE,EUR,2019-07,53343
DE,EUR,2019-08,59051
DE,EUR,2019-09,56980
DE,EUR,2019-10,53969
DE,EUR,2019-11,67605
DE,EUR,2019-12,37981
DE,EUR,2020-01,85988
DE,EUR,2020-02,68360
DE,EUR,2020-03,81903
DE,EUR,2020-04,123925
DE,EUR,2020-05,125290
DE,EUR,2020-06,122394
DE,EUR,2020-07,109378
DE,EUR,2020-08,92668
DE,EUR,2020-09,130558
DE,EUR,2020-10,100796
DE,EUR,2020-11,69951
DE,EUR,2020-12,29523.266969642078
DE,EUR,2021-01,92878.74069182228
DE,EUR,2021-02,73444.58968178216
DE,EUR,2021-03,92984.0004647976
DE,EUR,2021-04,80822.49129092527
DE,EUR,2021-05,89200.99817025845
DE,EUR,2021-06,90707.76491479977
DE,EUR,2021-07,78623.26762498204
DE,EUR,2021-08,83226.30375453767
DE,EUR,2021-09,109773.85005457874
DE,EUR,2021-10,90246.9773000318
DE,EUR,2021-11,81821.4924503304
DE,EUR,2021-12,59898.65122120869
DE,EUR,2022-01,93080.5625027111
DE,EUR,2022-02,70668.33737560043
DE,EUR,2022-03,110539.59576426088
DE,EUR,2022-04,62154.12995602847
DE,EUR,2022-05,72968.3197020692
DE,EUR,2022-06,78987.7728765948
DE,EUR,2022-07,95775.07351504409
DE,EUR,2022-08,73328.20297221851
DE,EUR,2022-09,97297.5526434597
DE,EUR,2022-10,136181.10888419772
DE,EUR,2022-11,102933.52613980259
DE,EUR,2022-12,48339.73887865
DE,EUR,2023-01,94048.45636545979
DE,EUR,2023-02,109852.166645398
DE,EUR,2023-03,132514.88042849925
DE,EUR,2023-04,95726.9965023482
DE,EUR,2023-05,119109.82000578991
DE,EUR,2023-06,132533.8361779396
DE,EUR,2023-07,95982.8408331157
DE,EUR,2023-08,112954.34637053784
DE,EUR,2023-09,111690.25573107149
DE,EUR,2023-10,96957.9039005471
DE,EUR,2023-11,96386.13100416091
DE,EUR,2023-12,51649.048578575545
DE,EUR,2024-01,115236.9302758366
DE,EUR,2024-02,108688.47644422771
DE,EUR,2024-03,96981.2773194607
DE,EUR,2024-04,109680.78855023
DE,EUR,2024-05,108564.40653293171
DE,EUR,2024-06,86038.48766002526
DE,EUR,2024-07,95076.6592939393
DE,EUR,2024-08,88213.23800885446
DE,EUR,2024-09,87743.39670806078
DE,EUR,2024-10,90502.94112236996
DE,EUR,2024-11,82765.95595061513
DE,EUR,2024-12,62986.08811092241
DE,EUR,2025-01,123656.2922044748
DE,EUR,2025-02,104140.932124746
DE,EUR,2025-03,109248.2039875576
DE,EUR,2025-04,101217.40752993058
DE,EUR,2025-05,92068.9672837769
DE,EUR,2025-06,120179.2874293765
DE,EUR,2025-07,102905.48187969331
DE,EUR,2025-08,83517.16525742621
DE,EUR,2025-09,104167.17818340166
DE,EUR,2025-10,95315.2604107249
DE,EUR,2025-11,73963.3614512128
DE,EUR,2025-12,33644.3808503561
DE,EUR,2026-01,125525.85299808402
DE,EUR,2026-02,93077.6119141343
DE,EUR,2026-03,85624.597885756
DE,EUR,2026-04,104111.92700956801
DE,EUR,2026-05,102846.7486376967
DE,EUR,2026-06,107860.227942822
DE,EUR,2026-07,94428.735
DE,X1,2014-01,68546
DE,X1,2014-02,66152
DE,X1,2014-03,48171
DE,X1,2014-04,43454
DE,X1,2014-05,65922
DE,X1,2014-06,43399
DE,X1,2014-07,50298
DE,X1,2014-08,62952
DE,X1,2014-09,48360
DE,X1,2014-10,67736
DE,X1,2014-11,60867
DE,X1,2014-12,57624
DE,X1,2015-01,75441
DE,X1,2015-02,72667
DE,X1,2015-03,76005
DE,X1,2015-04,63375
DE,X1,2015-05,52723
DE,X1,2015-06,49220
DE,X1,2015-07,58388
DE,X1,2015-08,49026
DE,X1,2015-09,71774
DE,X1,2015-10,78390
DE,X1,2015-11,50677
DE,X1,2015-12,37726
DE,X1,2016-01,69040
DE,X1,2016-02,70083
DE,X1,2016-03,46122
DE,X1,2016-04,68405
DE,X1,2016-05,61577
DE,X1,2016-06,43769
DE,X1,2016-07,56902
DE,X1,2016-08,46385
DE,X1,2016-09,56125
DE,X1,2016-10,52831
DE,X1,2016-11,40877
DE,X1,2016-12,31909
DE,X1,2017-01,74827
DE,X1,2017-02,50060
DE,X1,2017-03,43603
DE,X1,2017-04,49176
DE,X1,2017-05,47545
DE,X1,2017-06,31472
DE,X1,2017-07,38773
DE,X1,2017-08,44062
DE,X1,2017-09,39153
DE,X1,2017-10,45046
DE,X1,2017-11,32507
DE,X1,2017-12,26672
DE,X1,2018-01,48053
DE,X1,2018-02,53865
DE,X1,2018-03,49407
DE,X1,2018-04,58612
DE,X1,2018-05,52541
DE,X1,2018-06,38446
DE,X1,2018-07,57730
DE,X1,2018-08,61867
DE,X1,2018-09,39289
DE,X1,2018-10,62778
DE,X1,2018-11,40527
DE,X1,2018-12,20105
DE,X1,2019-01,60510
DE,X1,2019-02,58922
DE,X1,2019-03,53795
DE,X1,2019-04,61837
DE,X1,2019-05,55863
DE,X1,2019-06,40390
DE,X1,2019-07,68694
DE,X1,2019-08,60708
DE,X1,2019-09,54960
DE,X1,2019-10,54840
DE,X1,2019-11,48794
DE,X1,2019-12,29205
DE,X1,2020-01,68523
DE,X1,2020-02,58921
DE,X1,2020-03,41125
DE,X1,2020-04,61297
DE,X1,2020-05,50709
DE,X1,2020-06,60295
DE,X1,2020-07,68294
DE,X1,2020-08,63960
DE,X1,2020-09,73077
DE,X1,2020-10,52304
DE,X1,2020-11,55133
DE,X1,2020-12,35803.3659774641
DE,X1,2021-01,47979.8842220206
DE,X1,2021-02,46594.836439399754
DE,X1,2021-03,58227.655303604944
DE,X1,2021-04,49431.62152697904
DE,X1,2021-05,35436.113094964996
DE,X1,2021-06,39607.107323848024
DE,X1,2021-07,46606.75195273105
DE,X1,2021-08,36149.83248259037
DE,X1,2021-09,34898.2831204124
DE,X1,2021-10,48673.57213788481
DE,X1,2021-11,43077.59589885693
DE,X1,2021-12,18749.137880275863
DE,X1,2022-01,33113.85627567423
DE,X1,2022-02,35741.59352291256
DE,X1,2022-03,52526.62089830653
DE,X1,2022-04,52873.955791714354
DE,X1,2022-05,43066.9368379777
DE,X1,2022-06,47697.93439069411
DE,X1,2022-07,57721.61502173811
DE,X1,2022-08,55803.34749875271
DE,X1,2022-09,61104.407317927864
DE,X1,2022-10,41032.16586428018
DE,X1,2022-11,51678.2926748177
DE,X1,2022-12,32250.46238366313
DE,X1,2023-01,38348.59936439387
DE,X1,2023-02,35523.48693804041
DE,X1,2023-03,54086.04566397534
DE,X1,2023-04,35562.86094605097
DE,X1,2023-05,49508.009356909795
DE,X1,2023-06,42215.35986548309
DE,X1,2023-07,30940.11722158887
DE,X1,2023-08,31724.853537560448
DE,X1,2023-09,44644.08319711306
DE,X1,2023-10,41860.6539815764
DE,X1,2023-11,30187.959431985597
DE,X1,2023-12,29613.863175336908
DE,X1,2024-01,42089.8965328505
DE,X1,2024-02,42533.876173477096
DE,X1,2024-03,29268.123360451194
DE,X1,2024-04,39119.206020344405
DE,X1,2024-05,40234.67403848042
DE,X1,2024-06,40044.27573537924
DE,X1,2024-07,36111.20980743611
DE,X1,2024-08,39295.48208403286
DE,X1,2024-09,41651.37203805676
DE,X1,2024-10,41385.86080615571
DE,X1,2024-11,38791.417867626544
DE,X1,2024-12,35687.301206364216
DE,X1,2025-01,48945.7298384482
DE,X1,2025-02,46250.025929888034
DE,X1,2025-03,44961.051529229866
DE,X1,2025-04,37621.51879500011
DE,X1,2025-05,74507.81794867381
DE,X1,2025-06,54142.18597871075
DE,X1,2025-07,65367.57396071387
DE,X1,2025-08,57504.806191203505
DE,X1,2025-09,54298.79887405728
DE,X1,2025-10,39952.049206097865
DE,X1,2025-11,45932.73294533582
DE,X1,2025-12,32943.27014366856
DE,X1,2026-01,53617.07917893996
DE,X1,2026-02,43057.75059936222
DE,X1,2026-03,50335.682411126465
DE,X1,2026-04,42345.40443608336
DE,X1,2026-05,45963.647380328366
DE,X1,2026-06,53149.32202828445
DE,X1,2026-07,61689.34012912528
DE,_T,2014-01,151324
DE,_T,2014-02,131201
DE,_T,2014-03,112385
DE,_T,2014-04,119974
DE,_T,2014-05,138269
DE,_T,2014-06,99180
DE,_T,2014-07,118383
DE,_T,2014-08,110729
DE,_T,2014-09,102348
DE,_T,2014-10,124476
DE,_T,2014-11,105515
DE,_T,2014-12,99782
DE,_T,2015-01,141225
DE,_T,2015-02,131587
DE,_T,2015-03,132056
DE,_T,2015-04,127155
DE,_T,2015-05,89454
DE,_T,2015-06,90239
DE,_T,2015-07,117752
DE,_T,2015-08,94704
DE,_T,2015-09,145740
DE,_T,2015-10,144076
DE,_T,2015-11,101828
DE,_T,2015-12,67226
DE,_T,2016-01,122424
DE,_T,2016-02,129368
DE,_T,2016-03,113471
DE,_T,2016-04,117859
DE,_T,2016-05,112466
DE,_T,2016-06,99733
DE,_T,2016-07,109042
DE,_T,2016-08,86323
DE,_T,2016-09,113113
DE,_T,2016-10,96738
DE,_T,2016-11,75527
DE,_T,2016-12,58143
DE,_T,2017-01,128318
DE,_T,2017-02,103109
DE,_T,2017-03,100001
DE,_T,2017-04,93521
DE,_T,2017-05,93589
DE,_T,2017-06,76741
DE,_T,2017-07,85769
DE,_T,2017-08,87820
DE,_T,2017-09,83683
DE,_T,2017-10,93469
DE,_T,2017-11,86431
DE,_T,2017-12,60578
DE,_T,2018-01,96242
DE,_T,2018-02,99297
DE,_T,2018-03,103316
DE,_T,2018-04,128285
DE,_T,2018-05,102816
DE,_T,2018-06,94343
DE,_T,2018-07,111781
DE,_T,2018-08,106315
DE,_T,2018-09,91338
DE,_T,2018-10,110978
DE,_T,2018-11,95570
DE,_T,2018-12,58129
DE,_T,2019-01,129671
DE,_T,2019-02,126668
DE,_T,2019-03,119810
DE,_T,2019-04,105899
DE,_T,2019-05,122180
DE,_T,2019-06,94046
DE,_T,2019-07,122037
DE,_T,2019-08,119759
DE,_T,2019-09,111940
DE,_T,2019-10,108809
DE,_T,2019-11,116399
DE,_T,2019-12,67186
DE,_T,2020-01,154511
DE,_T,2020-02,127281
DE,_T,2020-03,123028
DE,_T,2020-04,185222
DE,_T,2020-05,175999
DE,_T,2020-06,182689
DE,_T,2020-07,177672
DE,_T,2020-08,156628
DE,_T,2020-09,203635
DE,_T,2020-10,153100
DE,_T,2020-11,125084
DE,_T,2020-12,65326.632947106176
DE,_T,2021-01,140858.62491384288
DE,_T,2021-02,120039.42612118192
DE,_T,2021-03,151211.65576840256
DE,_T,2021-04,130254.11281790432
DE,_T,2021-05,124637.11126522344
DE,_T,2021-06,130314.87223864777
DE,_T,2021-07,125230.0195777131
DE,_T,2021-08,119376.13623712803
DE,_T,2021-09,144672.13317499112
DE,_T,2021-10,138920.5494379166
DE,_T,2021-11,124899.08834918734
DE,_T,2021-12,78647.78910148455
DE,_T,2022-01,126194.41877838534
DE,_T,2022-02,106409.930898513
DE,_T,2022-03,163066.21666256743
DE,_T,2022-04,115028.08574774282
DE,_T,2022-05,116035.25654004692
DE,_T,2022-06,126685.70726728889
DE,_T,2022-07,153496.6885367822
DE,_T,2022-08,129131.55047097121
DE,_T,2022-09,158401.95996138756
DE,_T,2022-10,177213.2747484779
DE,_T,2022-11,154611.8188146203
DE,_T,2022-12,80590.20126231313
DE,_T,2023-01,132397.05572985366
DE,_T,2023-02,145375.65358343843
DE,_T,2023-03,186600.92609247458
DE,_T,2023-04,131289.85744839918
DE,_T,2023-05,168617.8293626997
DE,_T,2023-06,174749.19604342268
DE,_T,2023-07,126922.95805470456
DE,_T,2023-08,144679.19990809826
DE,_T,2023-09,156334.33892818456
DE,_T,2023-10,138818.5578821235
DE,_T,2023-11,126574.0904361465
DE,_T,2023-12,81262.91175391246
DE,_T,2024-01,157326.8268086871
DE,_T,2024-02,151222.3526177048
DE,_T,2024-03,126249.4006799119
DE,_T,2024-04,148799.99457057437
DE,_T,2024-05,148799.08057141214
DE,_T,2024-06,126082.76339540452
DE,_T,2024-07,131187.86910137543
DE,_T,2024-08,127508.72009288732
DE,_T,2024-09,129394.76874611757
DE,_T,2024-10,131888.8019285257
DE,_T,2024-11,121557.37381824166
DE,_T,2024-12,98673.38931728661
DE,_T,2025-01,172602.022042923
DE,_T,2025-02,150390.95805463401
DE,_T,2025-03,154209.25551678747
DE,_T,2025-04,138838.92632493068
DE,_T,2025-05,166576.78523245073
DE,_T,2025-06,174321.47340808727
DE,_T,2025-07,168273.05584040715
DE,_T,2025-08,141021.97144862972
DE,_T,2025-09,158465.97705745892
DE,_T,2025-10,135267.30961682278
DE,_T,2025-11,119896.09439654862
DE,_T,2025-12,66587.65099402465
DE,_T,2026-01,179142.932177024
DE,_T,2026-02,136135.36251349654
DE,_T,2026-03,135960.28029688244
DE,_T,2026-04,146457.33144565136
DE,_T,2026-05,148810.39601802506
DE,_T,2026-06,161009.54997110646
DE,_T,2026-07,156118.07512912527
ES,EUR,2014-01,40949
ES,EUR,2014-02,39453
ES,EUR,2014-03,31606
ES,EUR,2014-04,31792
ES,EUR,2014-05,44192
ES,EUR,2014-06,37222
ES,EUR,2014-07,39335
ES,EUR,2014-08,15871
ES,EUR,2014-09,27101
ES,EUR,2014-10,34533
ES,EUR,2014-11,42429
ES,EUR,2014-12,55938
ES,EUR,2015-01,43795
ES,EUR,2015-02,47054
ES,EUR,2015-03,43590
ES,EUR,2015-04,30635
ES,EUR,2015-05,34836
ES,EUR,2015-06,34826
ES,EUR,2015-07,38990
ES,EUR,2015-08,27238
ES,EUR,2015-09,33328
ES,EUR,2015-10,28816
ES,EUR,2015-11,28689
ES,EUR,2015-12,46750
ES,EUR,2016-01,36764
ES,EUR,2016-02,47649
ES,EUR,2016-03,34968
ES,EUR,2016-04,29616
ES,EUR,2016-05,38049
ES,EUR,2016-06,33231
ES,EUR,2016-07,32845
ES,EUR,2016-08,17996
ES,EUR,2016-09,23997
ES,EUR,2016-10,34497
ES,EUR,2016-11,30210
ES,EUR,2016-12,56059
ES,EUR,2017-01,37901
ES,EUR,2017-02,35136
ES,EUR,2017-03,36101
ES,EUR,2017-04,36200
ES,EUR,2017-05,31291
ES,EUR,2017-06,31181
ES,EUR,2017-07,37705
ES,EUR,2017-08,13310
ES,EUR,2017-09,33684
ES,EUR,2017-10,35380
ES,EUR,2017-11,33791
ES,EUR,2017-12,46676
ES,EUR,2018-01,42518
ES,EUR,2018-02,36435
ES,EUR,2018-03,25844
ES,EUR,2018-04,23064
ES,EUR,2018-05,24703
ES,EUR,2018-06,24438
ES,EUR,2018-07,29802
ES,EUR,2018-08,15287
ES,EUR,2018-09,34816
ES,EUR,2018-10,29919
ES,EUR,2018-11,28850
ES,EUR,2018-12,56023
ES,EUR,2019-01,34282
ES,EUR,2019-02,38029
ES,EUR,2019-03,36655
ES,EUR,2019-04,26286
ES,EUR,2019-05,25405
ES,EUR,2019-06,32176
ES,EUR,2019-07,37100
ES,EUR,2019-08,13645
ES,EUR,2019-09,30522
ES,EUR,2019-10,24856
ES,EUR,2019-11,30346
ES,EUR,2019-12,38735
ES,EUR,2020-01,43021
ES,EUR,2020-02,39128
ES,EUR,2020-03,37740
ES,EUR,2020-04,56377
ES,EUR,2020-05,44144
ES,EUR,2020-06,67292
ES,EUR,2020-07,46774
ES,EUR,2020-08,17269
ES,EUR,2020-09,27594
ES,EUR,2020-10,25567
ES,EUR,2020-11,20165
ES,EUR,2020-12,52422.610322773005
ES,EUR,2021-01,38976.777
ES,EUR,2021-02,47252.325061713505
ES,EUR,2021-03,38336.14916
ES,EUR,2021-04,35314.626956329994
ES,EUR,2021-05,32677.107
ES,EUR,2021-06,56320.77606040001
ES,EUR,2021-07,39901.82581988
ES,EUR,2021-08,14517.82900403
ES,EUR,2021-09,40677.4633487
ES,EUR,2021-10,32996.948806235
ES,EUR,2021-11,38029.47750623335
ES,EUR,2021-12,29058.657793478178
ES,EUR,2022-01,42752.40778951817
ES,EUR,2022-02,38776.85455097183
ES,EUR,2022-03,55807.807401419996
ES,EUR,2022-04,30959.472694337004
ES,EUR,2022-05,33355.696065865
ES,EUR,2022-06,40837.652641
ES,EUR,2022-07,31491.69280169
ES,EUR,2022-08,17617.50041
ES,EUR,2022-09,48049.325026599996
ES,EUR,2022-10,31797.794930406
ES,EUR,2022-11,34427.16750876
ES,EUR,2022-12,42114.66116106
ES,EUR,2023-01,41671.207498288
ES,EUR,2023-02,63680.614505230005
ES,EUR,2023-03,45666.5727217999
ES,EUR,2023-04,35663.2970012
ES,EUR,2023-05,42591.74393981383
ES,EUR,2023-06,49875.232416505
ES,EUR,2023-07,35849.05495412
ES,EUR,2023-08,21724.538
ES,EUR,2023-09,36475.087420870004
ES,EUR,2023-10,39810.9514575
ES,EUR,2023-11,32058.984745752
ES,EUR,2023-12,26451.6574254
ES,EUR,2024-01,58692.53511012199
ES,EUR,2024-02,41366.09800167
ES,EUR,2024-03,37772.01171921
ES,EUR,2024-04,32921.724926079994
ES,EUR,2024-05,31559.5120313
ES,EUR,2024-06,46000.674162560004
ES,EUR,2024-07,31931.655165768003
ES,EUR,2024-08,21102.8276606
ES,EUR,2024-09,40546.75021627
ES,EUR,2024-10,37102.4448419
ES,EUR,2024-11,31337.234070211
ES,EUR,2024-12,39373.989550230006
ES,EUR,2025-01,50244.92956201
ES,EUR,2025-02,47114.81803074
ES,EUR,2025-03,46274.23616798
ES,EUR,2025-04,32869.75459235
ES,EUR,2025-05,45232.30959028
ES,EUR,2025-06,57977.01702035
ES,EUR,2025-07,39075.5585472
ES,EUR,2025-08,17969.85386861
ES,EUR,2025-09,36635.176330024
ES,EUR,2025-10,31927.771488060003
ES,EUR,2025-11,34425.142607964
ES,EUR,2025-12,30679.582782370002
ES,EUR,2026-01,57617.5778748
ES,EUR,2026-02,42400.465
ES,EUR,2026-03,48305.852166130004
ES,EUR,2026-04,36941.70050269
ES,EUR,2026-05,37636.263964929996
ES,EUR,2026-06,54313.066037339995
ES,EUR,2026-07,31719.5209355
ES,X1,2014-01,739
ES,X1,2014-02,293
ES,X1,2014-03,503
ES,X1,2014-04,648
ES,X1,2014-05,1516
ES,X1,2014-06,624
ES,X1,2014-07,107
ES,X1,2014-08,172
ES,X1,2014-09,686
ES,X1,2014-10,460
ES,X1,2014-11,754
ES,X1,2014-12,795
ES,X1,2015-01,519
ES,X1,2015-02,1111
ES,X1,2015-03,1567
ES,X1,2015-04,2981
ES,X1,2015-05,1130
ES,X1,2015-06,329
ES,X1,2015-07,857
ES,X1,2015-08,713
ES,X1,2015-09,620
ES,X1,2015-10,1806
ES,X1,2015-11,1729
ES,X1,2015-12,491
ES,X1,2016-01,87
ES,X1,2016-02,956
ES,X1,2016-03,812
ES,X1,2016-04,1478
ES,X1,2016-05,848
ES,X1,2016-06,1007
ES,X1,2016-07,638
ES,X1,2016-08,432
ES,X1,2016-09,1805
ES,X1,2016-10,614
ES,X1,2016-11,978
ES,X1,2016-12,1783
ES,X1,2017-01,896
ES,X1,2017-02,423
ES,X1,2017-03,4847
ES,X1,2017-04,3611
ES,X1,2017-05,323
ES,X1,2017-06,1190
ES,X1,2017-07,1509
ES,X1,2017-08,2067
ES,X1,2017-09,3740
ES,X1,2017-10,7294
ES,X1,2017-11,1937
ES,X1,2017-12,1911
ES,X1,2018-01,3976
ES,X1,2018-02,2678
ES,X1,2018-03,2961
ES,X1,2018-04,6108
ES,X1,2018-05,2833
ES,X1,2018-06,2304
ES,X1,2018-07,4265
ES,X1,2018-08,2040
ES,X1,2018-09,3937
ES,X1,2018-10,4330
ES,X1,2018-11,1651
ES,X1,2018-12,1579
ES,X1,2019-01,1266
ES,X1,2019-02,3931
ES,X1,2019-03,3354
ES,X1,2019-04,1810
ES,X1,2019-05,3748
ES,X1,2019-06,3064
ES,X1,2019-07,4060
ES,X1,2019-08,1132
ES,X1,2019-09,3046
ES,X1,2019-10,1782
ES,X1,2019-11,3477
ES,X1,2019-12,2224
ES,X1,2020-01,3366
ES,X1,2020-02,2788
ES,X1,2020-03,1590
ES,X1,2020-04,7559
ES,X1,2020-05,5305
ES,X1,2020-06,1892
ES,X1,2020-07,2670
ES,X1,2020-08,302
ES,X1,2020-09,2555
ES,X1,2020-10,1421
ES,X1,2020-11,1090
ES,X1,2020-12,4106.1150931405
ES,X1,2021-01,4137.60894
ES,X1,2021-02,5126.0653438665995
ES,X1,2021-03,6547.092322775399
ES,X1,2021-04,4012.3946899999996
ES,X1,2021-05,5363.37481813
ES,X1,2021-06,4767.349471680401
ES,X1,2021-07,7523.901239999999
ES,X1,2021-08,3246.104187627
ES,X1,2021-09,5034.7845
ES,X1,2021-10,7163.641030000001
ES,X1,2021-11,4738.835565752
ES,X1,2021-12,909.7579557519999
ES,X1,2022-01,2505.542895752
ES,X1,2022-02,3963.1145429820003
ES,X1,2022-03,6340.954722094
ES,X1,2022-04,5928.382800901
ES,X1,2022-05,6480.569889439
ES,X1,2022-06,4230.447749439
ES,X1,2022-07,3426.95831
ES,X1,2022-08,7906.741029999999
ES,X1,2022-09,5639.22847
ES,X1,2022-10,3435.8005
ES,X1,2022-11,6052.46298
ES,X1,2022-12,4379.3035899999995
ES,X1,2023-01,7854.6932
ES,X1,2023-02,4735.71808
ES,X1,2023-03,3982.3913700000003
ES,X1,2023-04,5899.73275
ES,X1,2023-05,5676.1259900000005
ES,X1,2023-06,6623.88239
ES,X1,2023-07,4134.391729999999
ES,X1,2023-08,6566.148719999999
ES,X1,2023-09,7378.041069999999
ES,X1,2023-10,2879.87226
ES,X1,2023-11,9184.5183
ES,X1,2023-12,977.68722
ES,X1,2024-01,4813.07183
ES,X1,2024-02,3332.6842678
ES,X1,2024-03,10018.428573099998
ES,X1,2024-04,2780.34391
ES,X1,2024-05,2588.45419
ES,X1,2024-06,2207.6114000000002
ES,X1,2024-07,5744.202208940801
ES,X1,2024-08,3280.71751
ES,X1,2024-09,1538.4022
ES,X1,2024-10,5263.0908531532
ES,X1,2024-11,2365.22141
ES,X1,2024-12,1722.685903509
ES,X1,2025-01,7124.03622
ES,X1,2025-02,1043.40968
ES,X1,2025-03,1868.1638200000002
ES,X1,2025-04,2248.4238400000004
ES,X1,2025-05,844.50406
ES,X1,2025-06,2511.5522
ES,X1,2025-07,4064.7249599999996
ES,X1,2025-08,671.13091
ES,X1,2025-09,1719.2534
ES,X1,2025-10,1882.7887699999999
ES,X1,2025-11,5606.4559
ES,X1,2025-12,3132.95964
ES,X1,2026-01,2712.8309799999997
ES,X1,2026-02,2207.27637
ES,X1,2026-03,4612.68627
ES,X1,2026-04,7983.64692
ES,X1,2026-05,5046.2898399999995
ES,X1,2026-06,5552.6234
ES,X1,2026-07,1813.6689599999997
ES,_T,2014-01,41688
ES,_T,2014-02,39746
ES,_T,2014-03,32109
ES,_T,2014-04,32440
ES,_T,2014-05,45708
ES,_T,2014-06,37846
ES,_T,2014-07,39442
ES,_T,2014-08,16043
ES,_T,2014-09,27787
ES,_T,2014-10,34993
ES,_T,2014-11,43183
ES,_T,2014-12,56733
ES,_T,2015-01,44314
ES,_T,2015-02,48165
ES,_T,2015-03,45157
ES,_T,2015-04,33616
ES,_T,2015-05,35966
ES,_T,2015-06,35155
ES,_T,2015-07,39847
ES,_T,2015-08,27951
ES,_T,2015-09,33948
ES,_T,2015-10,30622
ES,_T,2015-11,30418
ES,_T,2015-12,47241
ES,_T,2016-01,36851
ES,_T,2016-02,48605
ES,_T,2016-03,35780
ES,_T,2016-04,31094
ES,_T,2016-05,38897
ES,_T,2016-06,34238
ES,_T,2016-07,33483
ES,_T,2016-08,18428
ES,_T,2016-09,25802
ES,_T,2016-10,35111
ES,_T,2016-11,31188
ES,_T,2016-12,57842
ES,_T,2017-01,38797
ES,_T,2017-02,35559
ES,_T,2017-03,40948
ES,_T,2017-04,39811
ES,_T,2017-05,31614
ES,_T,2017-06,32371
ES,_T,2017-07,39214
ES,_T,2017-08,15377
ES,_T,2017-09,37424
ES,_T,2017-10,42674
ES,_T,2017-11,35728
ES,_T,2017-12,48587
ES,_T,2018-01,46494
ES,_T,2018-02,39113
ES,_T,2018-03,28805
ES,_T,2018-04,29172
ES,_T,2018-05,27536
ES,_T,2018-06,26742
ES,_T,2018-07,34067
ES,_T,2018-08,17327
ES,_T,2018-09,38753
ES,_T,2018-10,34249
ES,_T,2018-11,30501
ES,_T,2018-12,57602
ES,_T,2019-01,35548
ES,_T,2019-02,41960
ES,_T,2019-03,40009
ES,_T,2019-04,28096
ES,_T,2019-05,29153
ES,_T,2019-06,35240
ES,_T,2019-07,41160
ES,_T,2019-08,14777
ES,_T,2019-09,33568
ES,_T,2019-10,26638
ES,_T,2019-11,33823
ES,_T,2019-12,40959
ES,_T,2020-01,46387
ES,_T,2020-02,41916
ES,_T,2020-03,39330
ES,_T,2020-04,63936
ES,_T,2020-05,49449
ES,_T,2020-06,69184
ES,_T,2020-07,49444
ES,_T,2020-08,17571
ES,_T,2020-09,30149
ES,_T,2020-10,26988
ES,_T,2020-11,21255
ES,_T,2020-12,56528.7254159135
ES,_T,2021-01,43114.38594
ES,_T,2021-02,52378.3904055801
ES,_T,2021-03,44883.2414827754
ES,_T,2021-04,39327.021646329995
ES,_T,2021-05,38040.48181813
ES,_T,2021-06,61088.125532080405
ES,_T,2021-07,47425.727059879995
ES,_T,2021-08,17763.933191657
ES,_T,2021-09,45712.247848700004
ES,_T,2021-10,40160.589836235
ES,_T,2021-11,42768.31307198535
ES,_T,2021-12,29968.41574923018
ES,_T,2022-01,45257.950685270174
ES,_T,2022-02,42739.96909395383
ES,_T,2022-03,62148.762123513996
ES,_T,2022-04,36887.85549523801
ES,_T,2022-05,39836.265955304
ES,_T,2022-06,45068.100390439
ES,_T,2022-07,34918.65111169
ES,_T,2022-08,25524.241439999998
ES,_T,2022-09,53688.5534966
ES,_T,2022-10,35233.595430406
ES,_T,2022-11,40479.63048876
ES,_T,2022-12,46493.96475106
ES,_T,2023-01,49525.900698287995
ES,_T,2023-02,68416.33258523
ES,_T,2023-03,49648.964091799906
ES,_T,2023-04,41563.0297512
ES,_T,2023-05,48267.86992981383
ES,_T,2023-06,56499.114806505
ES,_T,2023-07,39983.446684120005
ES,_T,2023-08,28290.686719999998
ES,_T,2023-09,43853.12849087
ES,_T,2023-10,42690.823717499996
ES,_T,2023-11,41243.503045752004
ES,_T,2023-12,27429.3446454
ES,_T,2024-01,63505.606940121994
ES,_T,2024-02,44698.78226947
ES,_T,2024-03,47790.44029231
ES,_T,2024-04,35702.06883608
ES,_T,2024-05,34147.9662213
ES,_T,2024-06,48208.285562560006
ES,_T,2024-07,37675.8573747088
ES,_T,2024-08,24383.545170600002
ES,_T,2024-09,42085.15241627
ES,_T,2024-10,42365.5356950532
ES,_T,2024-11,33702.455480211
ES,_T,2024-12,41096.67545373901
ES,_T,2025-01,57368.96578201
ES,_T,2025-02,48158.22771074
ES,_T,2025-03,48142.39998798
ES,_T,2025-04,35118.17843235
ES,_T,2025-05,46076.81365027999
ES,_T,2025-06,60488.56922035
ES,_T,2025-07,43140.2835072
ES,_T,2025-08,18640.98477861
ES,_T,2025-09,38354.429730024
ES,_T,2025-10,33810.56025806
ES,_T,2025-11,40031.598507964
ES,_T,2025-12,33812.54242237
ES,_T,2026-01,60330.4088548
ES,_T,2026-02,44607.741369999996
ES,_T,2026-03,52918.53843613
ES,_T,2026-04,44925.34742269
ES,_T,2026-05,42682.553804929994
ES,_T,2026-06,59865.68943734
ES,_T,2026-07,33533.1898955
FR,EUR,2014-01,393219
FR,EUR,2014-02,283193
FR,EUR,2014-03,274348
FR,EUR,2014-04,292970
FR,EUR,2014-05,327585
FR,EUR,2014-06,263557
FR,EUR,2014-07,225883
FR,EUR,2014-08,133015
FR,EUR,2014-09,194145
FR,EUR,2014-10,168866
FR,EUR,2014-11,141357
FR,EUR,2014-12,146152
FR,EUR,2015-01,176301
FR,EUR,2015-02,157286
FR,EUR,2015-03,162518
FR,EUR,2015-04,167000
FR,EUR,2015-05,154823
FR,EUR,2015-06,145426
FR,EUR,2015-07,172502
FR,EUR,2015-08,116073
FR,EUR,2015-09,156485
FR,EUR,2015-10,164651
FR,EUR,2015-11,154868
FR,EUR,2015-12,140250
FR,EUR,2016-01,140560
FR,EUR,2016-02,135588
FR,EUR,2016-03,168779
FR,EUR,2016-04,171114
FR,EUR,2016-05,165841
FR,EUR,2016-06,162345
FR,EUR,2016-07,168325
FR,EUR,2016-08,119722
FR,EUR,2016-09,155351
FR,EUR,2016-10,163992
FR,EUR,2016-11,164701
FR,EUR,2016-12,121424
FR,EUR,2017-01,198659
FR,EUR,2017-02,156962
FR,EUR,2017-03,190618
FR,EUR,2017-04,146316
FR,EUR,2017-05,177087
FR,EUR,2017-06,158528
FR,EUR,2017-07,163592
FR,EUR,2017-08,113993
FR,EUR,2017-09,140339
FR,EUR,2017-10,155789
FR,EUR,2017-11,143125
FR,EUR,2017-12,116189
FR,EUR,2018-01,181228
FR,EUR,2018-02,132650
FR,EUR,2018-03,166269
FR,EUR,2018-04,153041
FR,EUR,2018-05,143404
FR,EUR,2018-06,149448
FR,EUR,2018-07,151355
FR,EUR,2018-08,104062
FR,EUR,2018-09,158204
FR,EUR,2018-10,146672
FR,EUR,2018-11,131223
FR,EUR,2018-12,100014
FR,EUR,2019-01,179805
FR,EUR,2019-02,155599
FR,EUR,2019-03,161301
FR,EUR,2019-04,153602
FR,EUR,2019-05,169717
FR,EUR,2019-06,138389
FR,EUR,2019-07,160073
FR,EUR,2019-08,94956
FR,EUR,2019-09,149706
FR,EUR,2019-10,155827
FR,EUR,2019-11,125060
FR,EUR,2019-12,100996
FR,EUR,2020-01,161544
FR,EUR,2020-02,139569
FR,EUR,2020-03,137516
FR,EUR,2020-04,246596
FR,EUR,2020-05,214736
FR,EUR,2020-06,228878
FR,EUR,2020-07,195630
FR,EUR,2020-08,118776
FR,EUR,2020-09,171318
FR,EUR,2020-10,170676
FR,EUR,2020-11,173907
FR,EUR,2020-12,125948.4610644
FR,EUR,2021-01,205968.53634690001
FR,EUR,2021-02,135402.7594894
FR,EUR,2021-03,174108.2844
FR,EUR,2021-04,154714.56267386
FR,EUR,2021-05,155984.72514310904
FR,EUR,2021-06,185312.557946343
FR,EUR,2021-07,197330.79010557098
FR,EUR,2021-08,138649.00782902
FR,EUR,2021-09,195458.87066172
FR,EUR,2021-10,171932.47472300002
FR,EUR,2021-11,169808.860337
FR,EUR,2021-12,115590.970832964
FR,EUR,2022-01,180474.20680515
FR,EUR,2022-02,167641.45734067902
FR,EUR,2022-03,188526.55906126898
FR,EUR,2022-04,173518.31757921
FR,EUR,2022-05,174272.96731804998
FR,EUR,2022-06,170991.37908281502
FR,EUR,2022-07,177182.555493775
FR,EUR,2022-08,155859.78173800002
FR,EUR,2022-09,208602.583593
FR,EUR,2022-10,224526.472698
FR,EUR,2022-11,238087.5027759
FR,EUR,2022-12,152126.702839337
FR,EUR,2023-01,262458.86176600005
FR,EUR,2023-02,223049.093998715
FR,EUR,2023-03,245611.46671900002
FR,EUR,2023-04,232545.382997
FR,EUR,2023-05,267892.070709
FR,EUR,2023-06,248701.29457699996
FR,EUR,2023-07,290510.549506
FR,EUR,2023-08,185527.91141302598
FR,EUR,2023-09,209066.60232900002
FR,EUR,2023-10,194212.74805306
FR,EUR,2023-11,219280.20556742
FR,EUR,2023-12,139525.06571219
FR,EUR,2024-01,298166.54074699996
FR,EUR,2024-02,235882.50498
FR,EUR,2024-03,251452.20271683
FR,EUR,2024-04,226665.57677699998
FR,EUR,2024-05,219185.75427635
FR,EUR,2024-06,201637.30758638
FR,EUR,2024-07,249010.42575224
FR,EUR,2024-08,188605.00423898
FR,EUR,2024-09,217562.20972867002
FR,EUR,2024-10,242940.3267255
FR,EUR,2024-11,207993.9007557
FR,EUR,2024-12,174907.35955649999
FR,EUR,2025-01,287588.968699359
FR,EUR,2025-02,213126.054292698
FR,EUR,2025-03,213372.24415856
FR,EUR,2025-04,220360.89120893602
FR,EUR,2025-05,231624.75672363
FR,EUR,2025-06,249697.64470260002
FR,EUR,2025-07,230596.00952517
FR,EUR,2025-08,205676.01411553
FR,EUR,2025-09,246093.34990785
FR,EUR,2025-10,235593.48706199997
FR,EUR,2025-11,241952.3432014
FR,EUR,2025-12,198896.82413015
FR,EUR,2026-01,321998.21670662
FR,EUR,2026-02,247126.342969938
FR,EUR,2026-03,267368.33159821003
FR,EUR,2026-04,297760.18671716994
FR,EUR,2026-05,262128.11531019997
FR,EUR,2026-06,272150.00087184
FR,EUR,2026-07,313590.34664057
FR,X1,2014-01,31276
FR,X1,2014-02,14541
FR,X1,2014-03,15646
FR,X1,2014-04,14943
FR,X1,2014-05,15446
FR,X1,2014-06,27349
FR,X1,2014-07,22658
FR,X1,2014-08,17123
FR,X1,2014-09,23837
FR,X1,2014-10,20031
FR,X1,2014-11,20742
FR,X1,2014-12,26182
FR,X1,2015-01,29559
FR,X1,2015-02,29630
FR,X1,2015-03,35706
FR,X1,2015-04,28334
FR,X1,2015-05,22742
FR,X1,2015-06,26783
FR,X1,2015-07,29069
FR,X1,2015-08,22342
FR,X1,2015-09,28189
FR,X1,2015-10,44413
FR,X1,2015-11,24771
FR,X1,2015-12,22728
FR,X1,2016-01,35911
FR,X1,2016-02,29997
FR,X1,2016-03,26305
FR,X1,2016-04,40372
FR,X1,2016-05,33429
FR,X1,2016-06,34261
FR,X1,2016-07,37457
FR,X1,2016-08,30096
FR,X1,2016-09,47509
FR,X1,2016-10,38728
FR,X1,2016-11,35415
FR,X1,2016-12,25051
FR,X1,2017-01,46043
FR,X1,2017-02,33225
FR,X1,2017-03,36999
FR,X1,2017-04,41600
FR,X1,2017-05,33634
FR,X1,2017-06,34123
FR,X1,2017-07,37838
FR,X1,2017-08,28341
FR,X1,2017-09,33462
FR,X1,2017-10,29447
FR,X1,2017-11,34964
FR,X1,2017-12,32160
FR,X1,2018-01,40739
FR,X1,2018-02,31864
FR,X1,2018-03,42182
FR,X1,2018-04,39838
FR,X1,2018-05,43015
FR,X1,2018-06,32442
FR,X1,2018-07,38087
FR,X1,2018-08,37137
FR,X1,2018-09,38348
FR,X1,2018-10,35367
FR,X1,2018-11,20700
FR,X1,2018-12,20596
FR,X1,2019-01,38620
FR,X1,2019-02,24084
FR,X1,2019-03,42125
FR,X1,2019-04,40721
FR,X1,2019-05,33307
FR,X1,2019-06,31562
FR,X1,2019-07,40657
FR,X1,2019-08,29164
FR,X1,2019-09,36352
FR,X1,2019-10,46254
FR,X1,2019-11,33474
FR,X1,2019-12,28683
FR,X1,2020-01,50873
FR,X1,2020-02,47716
FR,X1,2020-03,32705
FR,X1,2020-04,39401
FR,X1,2020-05,75780
FR,X1,2020-06,57637
FR,X1,2020-07,34456
FR,X1,2020-08,31491
FR,X1,2020-09,44426
FR,X1,2020-10,39624
FR,X1,2020-11,42333
FR,X1,2020-12,45012.36594268647
FR,X1,2021-01,64105.43717654324
FR,X1,2021-02,49096.19536092904
FR,X1,2021-03,68272.8509020066
FR,X1,2021-04,66343.82650145593
FR,X1,2021-05,51188.63352337367
FR,X1,2021-06,68057.44072679216
FR,X1,2021-07,69205.61061718888
FR,X1,2021-08,52395.02012253244
FR,X1,2021-09,71826.9494404948
FR,X1,2021-10,62106.24406581881
FR,X1,2021-11,49299.0069870826
FR,X1,2021-12,39239.90227208701
FR,X1,2022-01,84266.69457725508
FR,X1,2022-02,67331.66289880782
FR,X1,2022-03,89719.13081850798
FR,X1,2022-04,74089.01326500703
FR,X1,2022-05,79689.51016553506
FR,X1,2022-06,76518.99194434017
FR,X1,2022-07,74483.49370516262
FR,X1,2022-08,73598.68292158982
FR,X1,2022-09,77475.38469351653
FR,X1,2022-10,80681.13698751395
FR,X1,2022-11,87456.63969109904
FR,X1,2022-12,56832.504716468524
FR,X1,2023-01,85305.12616247043
FR,X1,2023-02,81440.6044333115
FR,X1,2023-03,82487.56402877465
FR,X1,2023-04,71135.38220255724
FR,X1,2023-05,78675.78096332512
FR,X1,2023-06,82335.92519052888
FR,X1,2023-07,71045.04398453605
FR,X1,2023-08,80746.6084596151
FR,X1,2023-09,87646.8993903604
FR,X1,2023-10,87848.75136908685
FR,X1,2023-11,77668.04893356626
FR,X1,2023-12,49173.3921114958
FR,X1,2024-01,95247.14093754915
FR,X1,2024-02,75622.61948031076
FR,X1,2024-03,83509.10087625172
FR,X1,2024-04,76727.57764295477
FR,X1,2024-05,72287.87875930221
FR,X1,2024-06,65094.54471068624
FR,X1,2024-07,68760.78423787605
FR,X1,2024-08,58379.19402471422
FR,X1,2024-09,82567.44788759027
FR,X1,2024-10,67148.94297314627
FR,X1,2024-11,62323.248515839856
FR,X1,2024-12,61705.02950521893
FR,X1,2025-01,95105.85874721268
FR,X1,2025-02,61331.07841086831
FR,X1,2025-03,56190.29176673024
FR,X1,2025-04,65244.06447904643
FR,X1,2025-05,82160.50318675519
FR,X1,2025-06,66126.64420646736
FR,X1,2025-07,59747.02955566622
FR,X1,2025-08,61275.48387997777
FR,X1,2025-09,73143.98873225527
FR,X1,2025-10,71498.3574072636
FR,X1,2025-11,58822.300183627915
FR,X1,2025-12,59031.11074636309
FR,X1,2026-01,86575.9209274094
FR,X1,2026-02,68772.45774885132
FR,X1,2026-03,68685.31320182387
FR,X1,2026-04,65519.45870123689
FR,X1,2026-05,71278.60412931548
FR,X1,2026-06,96703.25884983837
FR,X1,2026-07,74477.27589295922
FR,_T,2014-01,424495
FR,_T,2014-02,297734
FR,_T,2014-03,289994
FR,_T,2014-04,307913
FR,_T,2014-05,343031
FR,_T,2014-06,290906
FR,_T,2014-07,248541
FR,_T,2014-08,150138
FR,_T,2014-09,217982
FR,_T,2014-10,188897
FR,_T,2014-11,162099
FR,_T,2014-12,172334
FR,_T,2015-01,205860
FR,_T,2015-02,186916
FR,_T,2015-03,198224
FR,_T,2015-04,195334
FR,_T,2015-05,177565
FR,_T,2015-06,172209
FR,_T,2015-07,201571
FR,_T,2015-08,138415
FR,_T,2015-09,184674
FR,_T,2015-10,209064
FR,_T,2015-11,179639
FR,_T,2015-12,162978
FR,_T,2016-01,176471
FR,_T,2016-02,165585
FR,_T,2016-03,195084
FR,_T,2016-04,211486
FR,_T,2016-05,199270
FR,_T,2016-06,196606
FR,_T,2016-07,205782
FR,_T,2016-08,149818
FR,_T,2016-09,202860
FR,_T,2016-10,202720
FR,_T,2016-11,200116
FR,_T,2016-12,146475
FR,_T,2017-01,244702
FR,_T,2017-02,190187
FR,_T,2017-03,227617
FR,_T,2017-04,187916
FR,_T,2017-05,210721
FR,_T,2017-06,192651
FR,_T,2017-07,201430
FR,_T,2017-08,142334
FR,_T,2017-09,173801
FR,_T,2017-10,185236
FR,_T,2017-11,178089
FR,_T,2017-12,148349
FR,_T,2018-01,221967
FR,_T,2018-02,164514
FR,_T,2018-03,208451
FR,_T,2018-04,192879
FR,_T,2018-05,186419
FR,_T,2018-06,181890
FR,_T,2018-07,189442
FR,_T,2018-08,141199
FR,_T,2018-09,196552
FR,_T,2018-10,182039
FR,_T,2018-11,151923
FR,_T,2018-12,120610
FR,_T,2019-01,218425
FR,_T,2019-02,179683
FR,_T,2019-03,203426
FR,_T,2019-04,194323
FR,_T,2019-05,203024
FR,_T,2019-06,169951
FR,_T,2019-07,200730
FR,_T,2019-08,124120
FR,_T,2019-09,186058
FR,_T,2019-10,202081
FR,_T,2019-11,158534
FR,_T,2019-12,129679
FR,_T,2020-01,212417
FR,_T,2020-02,187285
FR,_T,2020-03,170221
FR,_T,2020-04,285997
FR,_T,2020-05,290516
FR,_T,2020-06,286515
FR,_T,2020-07,230086
FR,_T,2020-08,150267
FR,_T,2020-09,215744
FR,_T,2020-10,210300
FR,_T,2020-11,216240
FR,_T,2020-12,170960.82700708648
FR,_T,2021-01,270073.9735234432
FR,_T,2021-02,184498.95485032903
FR,_T,2021-03,242381.13530200662
FR,_T,2021-04,221058.38917531594
FR,_T,2021-05,207173.35866648267
FR,_T,2021-06,253369.99867313518
FR,_T,2021-07,266536.4007227599
FR,_T,2021-08,191044.02795155247
FR,_T,2021-09,267285.8201022148
FR,_T,2021-10,234038.7187888188
FR,_T,2021-11,219107.8673240826
FR,_T,2021-12,154830.87310505103
FR,_T,2022-01,264740.9013824051
FR,_T,2022-02,234973.1202394868
FR,_T,2022-03,278245.689879777
FR,_T,2022-04,247607.33084421704
FR,_T,2022-05,253962.47748358507
FR,_T,2022-06,247510.3710271552
FR,_T,2022-07,251666.0491989376
FR,_T,2022-08,229458.46465958984
FR,_T,2022-09,286077.96828651655
FR,_T,2022-10,305207.60968551395
FR,_T,2022-11,325544.14246699907
FR,_T,2022-12,208959.20755580554
FR,_T,2023-01,347763.9879284704
FR,_T,2023-02,304489.6984320265
FR,_T,2023-03,328099.03074777464
FR,_T,2023-04,303680.7651995573
FR,_T,2023-05,346567.85167232517
FR,_T,2023-06,331037.2197675289
FR,_T,2023-07,361555.5934905361
FR,_T,2023-08,266274.5198726411
FR,_T,2023-09,296713.50171936036
FR,_T,2023-10,282061.4994221468
FR,_T,2023-11,296948.25450098625
FR,_T,2023-12,188698.45782368578
FR,_T,2024-01,393413.6816845492
FR,_T,2024-02,311505.1244603108
FR,_T,2024-03,334961.3035930817
FR,_T,2024-04,303393.15441995475
FR,_T,2024-05,291473.6330356522
FR,_T,2024-06,266731.85229706625
FR,_T,2024-07,317771.20999011607
FR,_T,2024-08,246984.1982636942
FR,_T,2024-09,300129.6576162602
FR,_T,2024-10,310089.26969864627
FR,_T,2024-11,270317.1492715398
FR,_T,2024-12,236612.38906171892
FR,_T,2025-01,382694.82744657167
FR,_T,2025-02,274457.13270356634
FR,_T,2025-03,269562.53592529026
FR,_T,2025-04,285604.95568798244
FR,_T,2025-05,313785.2599103852
FR,_T,2025-06,315824.28890906734
FR,_T,2025-07,290343.03908083617
FR,_T,2025-08,266951.4979955078
FR,_T,2025-09,319237.3386401052
FR,_T,2025-10,307091.8444692636
FR,_T,2025-11,300774.6433850279
FR,_T,2025-12,257927.93487651309
FR,_T,2026-01,408574.1376340294
FR,_T,2026-02,315898.80071878934
FR,_T,2026-03,336053.6448000339
FR,_T,2026-04,363279.64541840693
FR,_T,2026-05,333406.7194395155
FR,_T,2026-06,368853.2597216784
FR,_T,2026-07,388067.62253352924
IT,EUR,2014-01,69544.92
IT,EUR,2014-02,56183.53
IT,EUR,2014-03,55372.71
IT,EUR,2014-04,81790.09
IT,EUR,2014-05,75510.68
IT,EUR,2014-06,54551.51
IT,EUR,2014-07,48812.12
IT,EUR,2014-08,31160.06
IT,EUR,2014-09,46120.91
IT,EUR,2014-10,53492.46
IT,EUR,2014-11,40493.16
IT,EUR,2014-12,29848.32
IT,EUR,2015-01,63451.22
IT,EUR,2015-02,51319.35
IT,EUR,2015-03,63034.53
IT,EUR,2015-04,52060.07
IT,EUR,2015-05,40428.22
IT,EUR,2015-06,46574.69
IT,EUR,2015-07,48152.78
IT,EUR,2015-08,33388.23
IT,EUR,2015-09,43968.55
IT,EUR,2015-10,47825.16
IT,EUR,2015-11,47936.85
IT,EUR,2015-12,29096.1
IT,EUR,2016-01,48325.37
IT,EUR,2016-02,51137.37
IT,EUR,2016-03,47132.34
IT,EUR,2016-04,58856.42
IT,EUR,2016-05,47272.79
IT,EUR,2016-06,51652.72
IT,EUR,2016-07,47697.7
IT,EUR,2016-08,32783.43
IT,EUR,2016-09,44552.21
IT,EUR,2016-10,58697.34
IT,EUR,2016-11,51373.69
IT,EUR,2016-12,21811.72
IT,EUR,2017-01,66693.67
IT,EUR,2017-02,55978.9
IT,EUR,2017-03,56115.7
IT,EUR,2017-04,41788.54
IT,EUR,2017-05,56002.33
IT,EUR,2017-06,49070.96
IT,EUR,2017-07,52814.98
IT,EUR,2017-08,29099.79
IT,EUR,2017-09,40026.91
IT,EUR,2017-10,46423.82
IT,EUR,2017-11,57449.54
IT,EUR,2017-12,36328.51
IT,EUR,2018-01,60017.8
IT,EUR,2018-02,44846.04
IT,EUR,2018-03,51728.12
IT,EUR,2018-04,48209.23
IT,EUR,2018-05,55704.66
IT,EUR,2018-06,44177.34
IT,EUR,2018-07,53965.4
IT,EUR,2018-08,31255.72
IT,EUR,2018-09,42501.76
IT,EUR,2018-10,38210.46
IT,EUR,2018-11,46975.31
IT,EUR,2018-12,42110.49
IT,EUR,2019-01,67540.74
IT,EUR,2019-02,53182.57
IT,EUR,2019-03,51755.6
IT,EUR,2019-04,45870.42
IT,EUR,2019-05,43447.24
IT,EUR,2019-06,56688.56
IT,EUR,2019-07,54409.35
IT,EUR,2019-08,31395.37
IT,EUR,2019-09,45164.3
IT,EUR,2019-10,64354.66
IT,EUR,2019-11,61091.05
IT,EUR,2019-12,34547.17
IT,EUR,2020-01,60228.54
IT,EUR,2020-02,55877.4
IT,EUR,2020-03,39429.71
IT,EUR,2020-04,78028
IT,EUR,2020-05,82547.18
IT,EUR,2020-06,81451.81
IT,EUR,2020-07,69019.54
IT,EUR,2020-08,36342.75
IT,EUR,2020-09,58939.69
IT,EUR,2020-10,49007.86
IT,EUR,2020-11,47839.57
IT,EUR,2020-12,57134.16074321
IT,EUR,2021-01,63473.36999095
IT,EUR,2021-02,62503.88531882
IT,EUR,2021-03,56542.58631503
IT,EUR,2021-04,73547.44771914001
IT,EUR,2021-05,63777.64458526
IT,EUR,2021-06,65259.60665536
IT,EUR,2021-07,62139.46015404999
IT,EUR,2021-08,31152.86238525
IT,EUR,2021-09,36340.86232938
IT,EUR,2021-10,46043.75550923
IT,EUR,2021-11,48174.495803
IT,EUR,2021-12,39619.07633474
IT,EUR,2022-01,47321.25654412
IT,EUR,2022-02,52241.80697107
IT,EUR,2022-03,65312.02534122999
IT,EUR,2022-04,47109.97225362
IT,EUR,2022-05,44147.12219247
IT,EUR,2022-06,56271.459528420004
IT,EUR,2022-07,44908.496117459996
IT,EUR,2022-08,31074.63982795
IT,EUR,2022-09,56881.53857102
IT,EUR,2022-10,48764.85280812
IT,EUR,2022-11,80966.15876365
IT,EUR,2022-12,49050.051358159995
IT,EUR,2023-01,46810.02368308
IT,EUR,2023-02,59037.76374421
IT,EUR,2023-03,69801.01662889
IT,EUR,2023-04,60168.9366325
IT,EUR,2023-05,58564.2901037
IT,EUR,2023-06,85231.98283510999
IT,EUR,2023-07,60610.19309121
IT,EUR,2023-08,34637.932181359996
IT,EUR,2023-09,72016.07007382
IT,EUR,2023-10,81544.00619899
IT,EUR,2023-11,53404.76617377
IT,EUR,2023-12,43599.55074467
IT,EUR,2024-01,67104.61735333
IT,EUR,2024-02,69968.17757465
IT,EUR,2024-03,82930.14320637
IT,EUR,2024-04,63019.3763827
IT,EUR,2024-05,92520.65964215
IT,EUR,2024-06,66736.80679242
IT,EUR,2024-07,60466.458541119995
IT,EUR,2024-08,34687.39736318
IT,EUR,2024-09,71936.58304642
IT,EUR,2024-10,66223.19148841
IT,EUR,2024-11,69998.5401905
IT,EUR,2024-12,42864.456009839996
IT,EUR,2025-01,75442.78971061
IT,EUR,2025-02,79174.40248533999
IT,EUR,2025-03,67004.08015224
IT,EUR,2025-04,58101.8012511
IT,EUR,2025-05,67367.37705647
IT,EUR,2025-06,88695.546776
IT,EUR,2025-07,59781.17615251
IT,EUR,2025-08,28002.28304819
IT,EUR,2025-09,68937.56642435
IT,EUR,2025-10,68876.602155
IT,EUR,2025-11,76382.39124172999
IT,EUR,2025-12,46623.13822423
IT,EUR,2026-01,72216.5131366
IT,EUR,2026-02,66331.53797809
IT,EUR,2026-03,73814.12805888
IT,EUR,2026-04,76931.82660119
IT,EUR,2026-05,72691.04818923
IT,EUR,2026-06,102012.82659613
IT,EUR,2026-07,62572.81057171
IT,X1,2014-01,2964.6
IT,X1,2014-02,102.27
IT,X1,2014-03,551.98
IT,X1,2014-04,405.25
IT,X1,2014-05,1259.61
IT,X1,2014-06,1960.5
IT,X1,2014-07,56.33
IT,X1,2014-08,0
IT,X1,2014-09,706.41
IT,X1,2014-10,378.34
IT,X1,2014-11,624.26
IT,X1,2014-12,276.96
IT,X1,2015-01,478.64
IT,X1,2015-02,201.62
IT,X1,2015-03,37.35
IT,X1,2015-04,189.42
IT,X1,2015-05,602.8
IT,X1,2015-06,570.92
IT,X1,2015-07,43.94
IT,X1,2015-08,5.67
IT,X1,2015-09,171.48
IT,X1,2015-10,405.3
IT,X1,2015-11,184.4
IT,X1,2015-12,112.25
IT,X1,2016-01,1826.86
IT,X1,2016-02,0.29
IT,X1,2016-03,665.26
IT,X1,2016-04,5.92
IT,X1,2016-05,1255.67
IT,X1,2016-06,138.55
IT,X1,2016-07,658.46
IT,X1,2016-08,0.79
IT,X1,2016-09,452.53
IT,X1,2016-10,118.64
IT,X1,2016-11,622.7
IT,X1,2016-12,2.93
IT,X1,2017-01,609.24
IT,X1,2017-02,0.13
IT,X1,2017-03,442.02
IT,X1,2017-04,1889.57
IT,X1,2017-05,349.79
IT,X1,2017-06,925.86
IT,X1,2017-07,3234.88
IT,X1,2017-08,28.51
IT,X1,2017-09,432.49
IT,X1,2017-10,376.98
IT,X1,2017-11,2015.69
IT,X1,2017-12,40.81
IT,X1,2018-01,2736.05
IT,X1,2018-02,211.06
IT,X1,2018-03,718.48
IT,X1,2018-04,211.56
IT,X1,2018-05,425.55
IT,X1,2018-06,191.93
IT,X1,2018-07,567.9
IT,X1,2018-08,1.4
IT,X1,2018-09,1759.16
IT,X1,2018-10,73.89
IT,X1,2018-11,562.74
IT,X1,2018-12,2677.9
IT,X1,2019-01,2897.08
IT,X1,2019-02,98.38
IT,X1,2019-03,1375.87
IT,X1,2019-04,1141.06
IT,X1,2019-05,1498.95
IT,X1,2019-06,291.21
IT,X1,2019-07,79.29
IT,X1,2019-08,587.5
IT,X1,2019-09,2133.5
IT,X1,2019-10,6862.98
IT,X1,2019-11,173.06
IT,X1,2019-12,478.22
IT,X1,2020-01,651.1
IT,X1,2020-02,143.79
IT,X1,2020-03,146.68
IT,X1,2020-04,1.02
IT,X1,2020-05,3.2
IT,X1,2020-06,2083.51
IT,X1,2020-07,41.09
IT,X1,2020-08,14.53
IT,X1,2020-09,953.09
IT,X1,2020-10,91.57
IT,X1,2020-11,2882.22
IT,X1,2020-12,0
IT,X1,2021-01,1.1314
IT,X1,2021-02,413.1195
IT,X1,2021-03,1039.8106200000002
IT,X1,2021-04,288.93396
IT,X1,2021-05,2956.3398800000004
IT,X1,2021-06,3250.1648999999998
IT,X1,2021-07,88.42468
IT,X1,2021-08,5.6436399999999995
IT,X1,2021-09,0.1087
IT,X1,2021-10,177.44080344859998
IT,X1,2021-11,1130.4216702654
IT,X1,2021-12,10.820789999999999
IT,X1,2022-01,2.30885
IT,X1,2022-02,475.30222857155997
IT,X1,2022-03,20.5593
IT,X1,2022-04,175.62733
IT,X1,2022-05,395.6931497195
IT,X1,2022-06,97.11336000000001
IT,X1,2022-07,208.8699
IT,X1,2022-08,0.099
IT,X1,2022-09,454.545
IT,X1,2022-10,25.1911111112
IT,X1,2022-11,2463.4564
IT,X1,2022-12,4.9608799999999995
IT,X1,2023-01,35.39888039014
IT,X1,2023-02,270.55899
IT,X1,2023-03,850.4393
IT,X1,2023-04,103.51442907270001
IT,X1,2023-05,2503.87079
IT,X1,2023-06,3031.18627
IT,X1,2023-07,19.99389081818
IT,X1,2023-08,0.1834320709
IT,X1,2023-09,7.9788885365999995
IT,X1,2023-10,0
IT,X1,2023-11,3102.07124937481
IT,X1,2023-12,68.55778094544999
IT,X1,2024-01,423.95130058819996
IT,X1,2024-02,15.4296388889
IT,X1,2024-03,375.327460285829
IT,X1,2024-04,1406.8234047394187
IT,X1,2024-05,2083.874190588224
IT,X1,2024-06,93.46943446728949
IT,X1,2024-07,1869.4902912618402
IT,X1,2024-08,1.7827600000000001
IT,X1,2024-09,1596.806
IT,X1,2024-10,301.56291558003903
IT,X1,2024-11,755.2088310527588
IT,X1,2024-12,273.4427750625861
IT,X1,2025-01,487.46731
IT,X1,2025-02,1141.848758828
IT,X1,2025-03,212.28132741262428
IT,X1,2025-04,310.38180273119997
IT,X1,2025-05,2813.98108
IT,X1,2025-06,535.0787521191
IT,X1,2025-07,99.4751
IT,X1,2025-08,326.736014645541
IT,X1,2025-09,335.190844779766
IT,X1,2025-10,1980.7084261048947
IT,X1,2025-11,67.1982634885
IT,X1,2025-12,349.93276000000003
IT,X1,2026-01,328.2588277768782
IT,X1,2026-02,433.8608330157
IT,X1,2026-03,264.5439223308
IT,X1,2026-04,748.7928960801021
IT,X1,2026-05,3004.63975834
IT,X1,2026-06,3573.33335
IT,X1,2026-07,10839.8493306643
IT,_T,2014-01,72509.52
IT,_T,2014-02,56285.8
IT,_T,2014-03,55924.69
IT,_T,2014-04,82195.34
IT,_T,2014-05,76770.29
IT,_T,2014-06,56512.01
IT,_T,2014-07,48868.45
IT,_T,2014-08,31160.06
IT,_T,2014-09,46827.32
IT,_T,2014-10,53870.8
IT,_T,2014-11,41117.42
IT,_T,2014-12,30125.28
IT,_T,2015-01,63929.86
IT,_T,2015-02,51520.97
IT,_T,2015-03,63071.88
IT,_T,2015-04,52249.49
IT,_T,2015-05,41031.02
IT,_T,2015-06,47145.61
IT,_T,2015-07,48196.72
IT,_T,2015-08,33393.9
IT,_T,2015-09,44140.03
IT,_T,2015-10,48230.46
IT,_T,2015-11,48121.25
IT,_T,2015-12,29208.35
IT,_T,2016-01,50152.23
IT,_T,2016-02,51137.66
IT,_T,2016-03,47797.6
IT,_T,2016-04,58862.34
IT,_T,2016-05,48528.46
IT,_T,2016-06,51791.27
IT,_T,2016-07,48356.16
IT,_T,2016-08,32784.22
IT,_T,2016-09,45004.74
IT,_T,2016-10,58815.98
IT,_T,2016-11,51996.39
IT,_T,2016-12,21814.65
IT,_T,2017-01,67302.91
IT,_T,2017-02,55979.03
IT,_T,2017-03,56557.72
IT,_T,2017-04,43678.11
IT,_T,2017-05,56352.12
IT,_T,2017-06,49996.82
IT,_T,2017-07,56049.86
IT,_T,2017-08,29128.3
IT,_T,2017-09,40459.4
IT,_T,2017-10,46800.8
IT,_T,2017-11,59465.23
IT,_T,2017-12,36369.32
IT,_T,2018-01,62753.85
IT,_T,2018-02,45057.1
IT,_T,2018-03,52446.6
IT,_T,2018-04,48420.79
IT,_T,2018-05,56130.21
IT,_T,2018-06,44369.27
IT,_T,2018-07,54533.3
IT,_T,2018-08,31257.12
IT,_T,2018-09,44260.92
IT,_T,2018-10,38284.35
IT,_T,2018-11,47538.05
IT,_T,2018-12,44788.39
IT,_T,2019-01,70437.82
IT,_T,2019-02,53280.95
IT,_T,2019-03,53131.47
IT,_T,2019-04,47011.48
IT,_T,2019-05,44946.19
IT,_T,2019-06,56979.77
IT,_T,2019-07,54488.64
IT,_T,2019-08,31982.87
IT,_T,2019-09,47297.8
IT,_T,2019-10,71217.64
IT,_T,2019-11,61264.11
IT,_T,2019-12,35025.39
IT,_T,2020-01,60879.64
IT,_T,2020-02,56021.19
IT,_T,2020-03,39576.39
IT,_T,2020-04,78029.02
IT,_T,2020-05,82550.38
IT,_T,2020-06,83535.32
IT,_T,2020-07,69060.63
IT,_T,2020-08,36357.28
IT,_T,2020-09,59892.78
IT,_T,2020-10,49099.43
IT,_T,2020-11,50721.79
IT,_T,2020-12,57134.16074321
IT,_T,2021-01,63474.50139095
IT,_T,2021-02,62917.00481882
IT,_T,2021-03,57582.39693503
IT,_T,2021-04,73836.38167914
IT,_T,2021-05,66733.98446526
IT,_T,2021-06,68509.77155536
IT,_T,2021-07,62227.88483405
IT,_T,2021-08,31158.506025249997
IT,_T,2021-09,36340.97102938
IT,_T,2021-10,46221.19631267861
IT,_T,2021-11,49304.9174732654
IT,_T,2021-12,39629.897124740004
IT,_T,2022-01,47323.56539412
IT,_T,2022-02,52717.10919964156
IT,_T,2022-03,65332.584641229994
IT,_T,2022-04,47285.59958362
IT,_T,2022-05,44542.8153421895
IT,_T,2022-06,56368.57288842001
IT,_T,2022-07,45117.36601745999
IT,_T,2022-08,31074.73882795
IT,_T,2022-09,57336.083571020004
IT,_T,2022-10,48790.0439192312
IT,_T,2022-11,83429.61516365
IT,_T,2022-12,49055.012238159994
IT,_T,2023-01,46845.42256347014
IT,_T,2023-02,59308.32273421
IT,_T,2023-03,70651.45592889
IT,_T,2023-04,60272.451061572705
IT,_T,2023-05,61068.1608937
IT,_T,2023-06,88263.16910510999
IT,_T,2023-07,60630.18698202818
IT,_T,2023-08,34638.1156134309
IT,_T,2023-09,72024.0489623566
IT,_T,2023-10,81544.00619899
IT,_T,2023-11,56506.83742314481
IT,_T,2023-12,43668.10852561545
IT,_T,2024-01,67528.56865391819
IT,_T,2024-02,69983.6072135389
IT,_T,2024-03,83305.47066665583
IT,_T,2024-04,64426.19978743942
IT,_T,2024-05,94604.53383273823
IT,_T,2024-06,66830.27622688729
IT,_T,2024-07,62335.94883238184
IT,_T,2024-08,34689.18012318
IT,_T,2024-09,73533.38904642
IT,_T,2024-10,66524.75440399004
IT,_T,2024-11,70753.74902155275
IT,_T,2024-12,43137.89878490259
IT,_T,2025-01,75930.25702061
IT,_T,2025-02,80316.251244168
IT,_T,2025-03,67216.36147965262
IT,_T,2025-04,58412.1830538312
IT,_T,2025-05,70181.35813647
IT,_T,2025-06,89230.6255281191
IT,_T,2025-07,59880.65125251
IT,_T,2025-08,28329.01906283554
IT,_T,2025-09,69272.75726912977
IT,_T,2025-10,70857.31058110489
IT,_T,2025-11,76449.5895052185
IT,_T,2025-12,46973.07098423
IT,_T,2026-01,72544.77196437688
IT,_T,2026-02,66765.3988111057
IT,_T,2026-03,74078.6719812108
IT,_T,2026-04,77680.61949727009
IT,_T,2026-05,75695.68794757
IT,_T,2026-06,105586.15994612999
IT,_T,2026-07,73412.6599023743
NL,EUR,2014-01,47853.833
NL,EUR,2014-02,35434.172
NL,EUR,2014-03,48364.316
NL,EUR,2014-04,42075.165
NL,EUR,2014-05,35890.492
NL,EUR,2014-06,28363.441
NL,EUR,2014-07,26373.052
NL,EUR,2014-08,14908.064
NL,EUR,2014-09,27864.532
NL,EUR,2014-10,24947.944
NL,EUR,2014-11,31467.41
NL,EUR,2014-12,14924.79
NL,EUR,2015-01,37785.97
NL,EUR,2015-02,23031.49
NL,EUR,2015-03,40688.699
NL,EUR,2015-04,35065.98
NL,EUR,2015-05,23086.75
NL,EUR,2015-06,39069.96
NL,EUR,2015-07,26613.61
NL,EUR,2015-08,14796.89
NL,EUR,2015-09,31616
NL,EUR,2015-10,33999.012
NL,EUR,2015-11,21085.921
NL,EUR,2015-12,19317.7
NL,EUR,2016-01,33277.37
NL,EUR,2016-02,28724.37
NL,EUR,2016-03,38690.161
NL,EUR,2016-04,36530.75
NL,EUR,2016-05,32705.23
NL,EUR,2016-06,46677.212
NL,EUR,2016-07,43916.54
NL,EUR,2016-08,23638.52
NL,EUR,2016-09,37178.73
NL,EUR,2016-10,27712.54
NL,EUR,2016-11,37493.61
NL,EUR,2016-12,29322.14
NL,EUR,2017-01,49183.522
NL,EUR,2017-02,30933.212
NL,EUR,2017-03,34941.34
NL,EUR,2017-04,26448.56
NL,EUR,2017-05,41786.775
NL,EUR,2017-06,28329.69
NL,EUR,2017-07,27169.89
NL,EUR,2017-08,21210.102
NL,EUR,2017-09,29181.263
NL,EUR,2017-10,36680.885
NL,EUR,2017-11,31713.83
NL,EUR,2017-12,27399.16
NL,EUR,2018-01,50647.48
NL,EUR,2018-02,31581.9
NL,EUR,2018-03,43505.101
NL,EUR,2018-04,43049.99
NL,EUR,2018-05,35577.02
NL,EUR,2018-06,46654.67
NL,EUR,2018-07,35847.43
NL,EUR,2018-08,36434.266
NL,EUR,2018-09,44235.17
NL,EUR,2018-10,37874.17
NL,EUR,2018-11,53925.159
NL,EUR,2018-12,28610.08
NL,EUR,2019-01,50479.9
NL,EUR,2019-02,42054.647
NL,EUR,2019-03,25890.84
NL,EUR,2019-04,42028.02
NL,EUR,2019-05,38094.524
NL,EUR,2019-06,33736.518
NL,EUR,2019-07,32520.864
NL,EUR,2019-08,26067.64
NL,EUR,2019-09,43951.9
NL,EUR,2019-10,33614.93
NL,EUR,2019-11,39615.19
NL,EUR,2019-12,24795.29
NL,EUR,2020-01,48528.07
NL,EUR,2020-02,29268.76
NL,EUR,2020-03,44868.538
NL,EUR,2020-04,98183.37
NL,EUR,2020-05,69894.97
NL,EUR,2020-06,61555.24
NL,EUR,2020-07,48948.324
NL,EUR,2020-08,26158.7
NL,EUR,2020-09,45090.534
NL,EUR,2020-10,34649.479
NL,EUR,2020-11,26400.62
NL,EUR,2020-12,17494.317417805003
NL,EUR,2021-01,39107.882851143
NL,EUR,2021-02,30791.577647382997
NL,EUR,2021-03,53433.86300299999
NL,EUR,2021-04,54860.558272131995
NL,EUR,2021-05,32588.49512
NL,EUR,2021-06,47349.361424828996
NL,EUR,2021-07,32913.925110832
NL,EUR,2021-08,27928.1446858995
NL,EUR,2021-09,55694.8776
NL,EUR,2021-10,58290.041763
NL,EUR,2021-11,53180.83613147
NL,EUR,2021-12,42013.90417
NL,EUR,2022-01,58291.247199999
NL,EUR,2022-02,49302.88019879763
NL,EUR,2022-03,65121.713241000005
NL,EUR,2022-04,45484.091782134
NL,EUR,2022-05,54609.541476663
NL,EUR,2022-06,45647.932750500004
NL,EUR,2022-07,30781.090594075
NL,EUR,2022-08,35912.597722709994
NL,EUR,2022-09,63239.777647631
NL,EUR,2022-10,69206.77344799999
NL,EUR,2022-11,70620.107198109
NL,EUR,2022-12,39148.090773
NL,EUR,2023-01,67312.92408396199
NL,EUR,2023-02,59454.5940313309
NL,EUR,2023-03,59619.094898027004
NL,EUR,2023-04,74638.757725
NL,EUR,2023-05,53160.97856636
NL,EUR,2023-06,53553.823252400005
NL,EUR,2023-07,63908.69413094
NL,EUR,2023-08,39802.79539
NL,EUR,2023-09,65873.30904992
NL,EUR,2023-10,57140.720171
NL,EUR,2023-11,49922.802170489995
NL,EUR,2023-12,44793.79879679
NL,EUR,2024-01,72752.90242957001
NL,EUR,2024-02,65618.58035952
NL,EUR,2024-03,63289.596078903
NL,EUR,2024-04,67539.2114411
NL,EUR,2024-05,72130.88405958
NL,EUR,2024-06,54883.467933938206
NL,EUR,2024-07,57677.89392333369
NL,EUR,2024-08,51599.002332153206
NL,EUR,2024-09,76224.04280698
NL,EUR,2024-10,53248.570377467004
NL,EUR,2024-11,63541.88836032
NL,EUR,2024-12,62897.9368626754
NL,EUR,2025-01,80906.77815257
NL,EUR,2025-02,69909.314855006
NL,EUR,2025-03,68348.83179269198
NL,EUR,2025-04,75137.445980658
NL,EUR,2025-05,88865.2247212458
NL,EUR,2025-06,67543.406282565
NL,EUR,2025-07,45752.758753746
NL,EUR,2025-08,43506.241189251
NL,EUR,2025-09,63218.76128928701
NL,EUR,2025-10,83953.330176348
NL,EUR,2025-11,67798.784685593
NL,EUR,2025-12,39023.535739237996
NL,EUR,2026-01,68973.539479834
NL,EUR,2026-02,58631.726927821
NL,EUR,2026-03,90378.904595848
NL,EUR,2026-04,101981.89085710299
NL,EUR,2026-05,65812.03360162282
NL,EUR,2026-06,77342.5885500428
NL,EUR,2026-07,58663.7835196922
NL,X1,2014-01,19206.689
NL,X1,2014-02,20881.178
NL,X1,2014-03,17086.432
NL,X1,2014-04,11596.391
NL,X1,2014-05,18244.244
NL,X1,2014-06,25436.173
NL,X1,2014-07,17017.684
NL,X1,2014-08,16473.038
NL,X1,2014-09,20332.309
NL,X1,2014-10,14133.201
NL,X1,2014-11,12787.977
NL,X1,2014-12,38697.02
NL,X1,2015-01,15725.35
NL,X1,2015-02,16875.47
NL,X1,2015-03,21933.19
NL,X1,2015-04,18693.39
NL,X1,2015-05,32711.761
NL,X1,2015-06,23636.4
NL,X1,2015-07,16831.46
NL,X1,2015-08,22794.254
NL,X1,2015-09,17123.78
NL,X1,2015-10,10515.17
NL,X1,2015-11,11722.71
NL,X1,2015-12,13398.16
NL,X1,2016-01,15763.221
NL,X1,2016-02,23368.661
NL,X1,2016-03,18816.475
NL,X1,2016-04,22390.501
NL,X1,2016-05,32444.381
NL,X1,2016-06,20745.221
NL,X1,2016-07,18237.191
NL,X1,2016-08,18968.111
NL,X1,2016-09,27798.681
NL,X1,2016-10,18234.579
NL,X1,2016-11,17441.281
NL,X1,2016-12,11147.281
NL,X1,2017-01,42147.476
NL,X1,2017-02,21739.352
NL,X1,2017-03,29671.62
NL,X1,2017-04,27015.669
NL,X1,2017-05,29132.605
NL,X1,2017-06,20868.592
NL,X1,2017-07,35639.465
NL,X1,2017-08,31657.138
NL,X1,2017-09,31754.108
NL,X1,2017-10,31169.573
NL,X1,2017-11,19900.493
NL,X1,2017-12,15223.018
NL,X1,2018-01,29368.913
NL,X1,2018-02,28664.353
NL,X1,2018-03,20059.612
NL,X1,2018-04,38104.69
NL,X1,2018-05,25302.58
NL,X1,2018-06,22383.976
NL,X1,2018-07,26439.932
NL,X1,2018-08,25395.43
NL,X1,2018-09,29959.291
NL,X1,2018-10,25360.752
NL,X1,2018-11,29842.025
NL,X1,2018-12,13201.728
NL,X1,2019-01,26746.99
NL,X1,2019-02,27904.368
NL,X1,2019-03,28923.4
NL,X1,2019-04,21593.133
NL,X1,2019-05,25254.952
NL,X1,2019-06,19072.389
NL,X1,2019-07,32401.06
NL,X1,2019-08,30127.784
NL,X1,2019-09,39251.666
NL,X1,2019-10,17918.292
NL,X1,2019-11,21922.236
NL,X1,2019-12,13070.575
NL,X1,2020-01,29217.22
NL,X1,2020-02,22656.584
NL,X1,2020-03,28104.282
NL,X1,2020-04,28814.235
NL,X1,2020-05,19306.287
NL,X1,2020-06,18789.102
NL,X1,2020-07,20820.164
NL,X1,2020-08,16463.019
NL,X1,2020-09,21636.449
NL,X1,2020-10,19383.497
NL,X1,2020-11,15507.682
NL,X1,2020-12,12618.38080513617
NL,X1,2021-01,29792.098725853662
NL,X1,2021-02,23597.649902756842
NL,X1,2021-03,36691.7719175737
NL,X1,2021-04,30604.00371989926
NL,X1,2021-05,23638.485251120896
NL,X1,2021-06,23388.746589053968
NL,X1,2021-07,28008.04542935266
NL,X1,2021-08,18245.689689184546
NL,X1,2021-09,23376.492010872833
NL,X1,2021-10,16414.801219962224
NL,X1,2021-11,22281.228422137425
NL,X1,2021-12,14200.82044909047
NL,X1,2022-01,29744.833346086583
NL,X1,2022-02,20894.68770171414
NL,X1,2022-03,25577.976966184877
NL,X1,2022-04,28799.72534323095
NL,X1,2022-05,26332.4872397741
NL,X1,2022-06,19240.496333919822
NL,X1,2022-07,36054.22806474492
NL,X1,2022-08,24574.27866714084
NL,X1,2022-09,21454.922802789984
NL,X1,2022-10,41077.31949692625
NL,X1,2022-11,51909.84327668349
NL,X1,2022-12,21084.780848650495
NL,X1,2023-01,29578.146813067222
NL,X1,2023-02,35195.01217557097
NL,X1,2023-03,20510.850939634267
NL,X1,2023-04,16800.799456218898
NL,X1,2023-05,20391.455010352976
NL,X1,2023-06,21950.755316200022
NL,X1,2023-07,20740.942360379242
NL,X1,2023-08,23285.798148253427
NL,X1,2023-09,25636.03309768536
NL,X1,2023-10,26886.299157466077
NL,X1,2023-11,19491.344508380604
NL,X1,2023-12,14240.160244694594
NL,X1,2024-01,23730.24169886566
NL,X1,2024-02,23363.721294636274
NL,X1,2024-03,32210.12227813623
NL,X1,2024-04,16595.636107638038
NL,X1,2024-05,25010.624013518383
NL,X1,2024-06,23434.478525810955
NL,X1,2024-07,30256.461453255597
NL,X1,2024-08,24990.35787294602
NL,X1,2024-09,28090.50681763477
NL,X1,2024-10,28073.684083363205
NL,X1,2024-11,27005.43021552856
NL,X1,2024-12,20054.945712713667
NL,X1,2025-01,41465.45945889664
NL,X1,2025-02,32605.5643362367
NL,X1,2025-03,37119.93451663775
NL,X1,2025-04,26206.52155306086
NL,X1,2025-05,38111.81819595597
NL,X1,2025-06,26060.54004599078
NL,X1,2025-07,29083.894623945424
NL,X1,2025-08,43462.07488915059
NL,X1,2025-09,48116.390581648724
NL,X1,2025-10,48569.05795982082
NL,X1,2025-11,45007.229835053615
NL,X1,2025-12,26707.85516181554
NL,X1,2026-01,54928.93107979078
NL,X1,2026-02,48395.674606691035
NL,X1,2026-03,65614.45486352121
NL,X1,2026-04,45932.93131278525
NL,X1,2026-05,44772.54321698483
NL,X1,2026-06,57189.51312363589
NL,X1,2026-07,58049.460668913176
NL,_T,2014-01,67060.522
NL,_T,2014-02,56315.35
NL,_T,2014-03,65450.748
NL,_T,2014-04,53671.556
NL,_T,2014-05,54134.736
NL,_T,2014-06,53799.614
NL,_T,2014-07,43390.736
NL,_T,2014-08,31381.102
NL,_T,2014-09,48196.841
NL,_T,2014-10,39081.145
NL,_T,2014-11,44255.387
NL,_T,2014-12,53621.81
NL,_T,2015-01,53511.32
NL,_T,2015-02,39906.96
NL,_T,2015-03,62621.889
NL,_T,2015-04,53759.37
NL,_T,2015-05,55798.511
NL,_T,2015-06,62706.36
NL,_T,2015-07,43445.07
NL,_T,2015-08,37591.144
NL,_T,2015-09,48739.78
NL,_T,2015-10,44514.182
NL,_T,2015-11,32808.631
NL,_T,2015-12,32715.86
NL,_T,2016-01,49040.591
NL,_T,2016-02,52093.031
NL,_T,2016-03,57506.636
NL,_T,2016-04,58921.251
NL,_T,2016-05,65149.611
NL,_T,2016-06,67422.433
NL,_T,2016-07,62153.731
NL,_T,2016-08,42606.631
NL,_T,2016-09,64977.411
NL,_T,2016-10,45947.119
NL,_T,2016-11,54934.891
NL,_T,2016-12,40469.421
NL,_T,2017-01,91330.998
NL,_T,2017-02,52672.564
NL,_T,2017-03,64612.96
NL,_T,2017-04,53464.229
NL,_T,2017-05,70919.38
NL,_T,2017-06,49198.282
NL,_T,2017-07,62809.355
NL,_T,2017-08,52867.24
NL,_T,2017-09,60935.371
NL,_T,2017-10,67850.458
NL,_T,2017-11,51614.323
NL,_T,2017-12,42622.178
NL,_T,2018-01,80016.393
NL,_T,2018-02,60246.253
NL,_T,2018-03,63564.713
NL,_T,2018-04,81154.68
NL,_T,2018-05,60879.6
NL,_T,2018-06,69038.646
NL,_T,2018-07,62287.362
NL,_T,2018-08,61829.696
NL,_T,2018-09,74194.461
NL,_T,2018-10,63234.922
NL,_T,2018-11,83767.184
NL,_T,2018-12,41811.808
NL,_T,2019-01,77226.89
NL,_T,2019-02,69959.015
NL,_T,2019-03,54814.24
NL,_T,2019-04,63621.153
NL,_T,2019-05,63349.476
NL,_T,2019-06,52808.907
NL,_T,2019-07,64921.924
NL,_T,2019-08,56195.424
NL,_T,2019-09,83203.566
NL,_T,2019-10,51533.222
NL,_T,2019-11,61537.426
NL,_T,2019-12,37865.865
NL,_T,2020-01,77745.29
NL,_T,2020-02,51925.344
NL,_T,2020-03,72972.82
NL,_T,2020-04,126997.605
NL,_T,2020-05,89201.257
NL,_T,2020-06,80344.342
NL,_T,2020-07,69768.488
NL,_T,2020-08,42621.719
NL,_T,2020-09,66726.983
NL,_T,2020-10,54032.976
NL,_T,2020-11,41908.302
NL,_T,2020-12,30112.69822294117
NL,_T,2021-01,68899.98157699665
NL,_T,2021-02,54389.22755013984
NL,_T,2021-03,90125.6349205737
NL,_T,2021-04,85464.56199203127
NL,_T,2021-05,56226.980371120895
NL,_T,2021-06,70738.10801388297
NL,_T,2021-07,60921.97054018466
NL,_T,2021-08,46173.83437508404
NL,_T,2021-09,79071.36961087283
NL,_T,2021-10,74704.84298296223
NL,_T,2021-11,75462.06455360743
NL,_T,2021-12,56214.72461909048
NL,_T,2022-01,88036.08054608559
NL,_T,2022-02,70197.56790051177
NL,_T,2022-03,90699.69020718487
NL,_T,2022-04,74283.81712536496
NL,_T,2022-05,80942.0287164371
NL,_T,2022-06,64888.42908441981
NL,_T,2022-07,66835.31865881992
NL,_T,2022-08,60486.87638985084
NL,_T,2022-09,84694.70045042099
NL,_T,2022-10,110284.09294492626
NL,_T,2022-11,122529.95047479248
NL,_T,2022-12,60232.8716216505
NL,_T,2023-01,96891.07089702922
NL,_T,2023-02,94649.60620690187
NL,_T,2023-03,80129.94583766126
NL,_T,2023-04,91439.5571812189
NL,_T,2023-05,73552.43357671298
NL,_T,2023-06,75504.57856860002
NL,_T,2023-07,84649.63649131924
NL,_T,2023-08,63088.59353825344
NL,_T,2023-09,91509.34214760536
NL,_T,2023-10,84027.01932846608
NL,_T,2023-11,69414.1466788706
NL,_T,2023-12,59033.95904148459
NL,_T,2024-01,96483.14412843567
NL,_T,2024-02,88982.30165415628
NL,_T,2024-03,95499.71835703924
NL,_T,2024-04,84134.84754873803
NL,_T,2024-05,97141.50807309839
NL,_T,2024-06,78317.94645974916
NL,_T,2024-07,87934.35537658929
NL,_T,2024-08,76589.36020509922
NL,_T,2024-09,104314.54962461477
NL,_T,2024-10,81322.25446083021
NL,_T,2024-11,90547.31857584856
NL,_T,2024-12,82952.88257538907
NL,_T,2025-01,122372.23761146667
NL,_T,2025-02,102514.8791912427
NL,_T,2025-03,105468.76630932976
NL,_T,2025-04,101343.96753371885
NL,_T,2025-05,126977.04291720178
NL,_T,2025-06,93603.94632855577
NL,_T,2025-07,74836.65337769141
NL,_T,2025-08,86968.31607840158
NL,_T,2025-09,111335.15187093573
NL,_T,2025-10,132522.38813616883
NL,_T,2025-11,112806.01452064663
NL,_T,2025-12,65731.39090105354
NL,_T,2026-01,123902.47055962478
NL,_T,2026-02,107027.40153451203
NL,_T,2026-03,155993.3594593692
NL,_T,2026-04,147914.82216988824
NL,_T,2026-05,110584.57681860765
NL,_T,2026-06,134532.10167367867
NL,_T,2026-07,116713.24418860537
PT,EUR,2014-01,20371.03
PT,EUR,2014-02,23370.4
PT,EUR,2014-03,15314.22157733
PT,EUR,2014-04,30150.61
PT,EUR,2014-05,24766.66
PT,EUR,2014-06,18004.33
PT,EUR,2014-07,14181.78
PT,EUR,2014-08,10626.55
PT,EUR,2014-09,18172.75488227
PT,EUR,2014-10,12558.88
PT,EUR,2014-11,17502.869495
PT,EUR,2014-12,21039.22181051
PT,EUR,2015-01,20456.51
PT,EUR,2015-02,22112.95
PT,EUR,2015-03,21607.23
PT,EUR,2015-04,24970.96
PT,EUR,2015-05,28545.59
PT,EUR,2015-06,14985.05
PT,EUR,2015-07,15522.4535
PT,EUR,2015-08,7703.65
PT,EUR,2015-09,14142.58
PT,EUR,2015-10,15376.16
PT,EUR,2015-11,12277.37
PT,EUR,2015-12,14573.19
PT,EUR,2016-01,13708.04266345
PT,EUR,2016-02,10990.07
PT,EUR,2016-03,12875.54
PT,EUR,2016-04,10635.02
PT,EUR,2016-05,14254.59683472
PT,EUR,2016-06,12106.31
PT,EUR,2016-07,13304.65
PT,EUR,2016-08,10763.73
PT,EUR,2016-09,13237.03
PT,EUR,2016-10,8770.6
PT,EUR,2016-11,12543.34
PT,EUR,2016-12,12514.54
PT,EUR,2017-01,14995.81
PT,EUR,2017-02,9402.8
PT,EUR,2017-03,12306.97
PT,EUR,2017-04,12513.26
PT,EUR,2017-05,13862.13
PT,EUR,2017-06,11926.88
PT,EUR,2017-07,14945.29
PT,EUR,2017-08,10446.72
PT,EUR,2017-09,15086
PT,EUR,2017-10,12588.9
PT,EUR,2017-11,13030.59
PT,EUR,2017-12,13760.67117915
PT,EUR,2018-01,15923.15
PT,EUR,2018-02,8915.95
PT,EUR,2018-03,11069.38
PT,EUR,2018-04,12408.91
PT,EUR,2018-05,12012.11
PT,EUR,2018-06,14691.39
PT,EUR,2018-07,12732.11
PT,EUR,2018-08,7235.93
PT,EUR,2018-09,11089.03
PT,EUR,2018-10,12614.51
PT,EUR,2018-11,10586.38
PT,EUR,2018-12,13766.47
PT,EUR,2019-01,16294.25
PT,EUR,2019-02,10213.14494
PT,EUR,2019-03,13477.54594763
PT,EUR,2019-04,10697.55533024
PT,EUR,2019-05,12092.08
PT,EUR,2019-06,13032.29
PT,EUR,2019-07,15828.04
PT,EUR,2019-08,7612.37
PT,EUR,2019-09,13114.35
PT,EUR,2019-10,11440.15
PT,EUR,2019-11,10334.26
PT,EUR,2019-12,12831.53764748
PT,EUR,2020-01,16977.83079954
PT,EUR,2020-02,10498.18
PT,EUR,2020-03,13187.79756191
PT,EUR,2020-04,21407.09735001
PT,EUR,2020-05,12330.68
PT,EUR,2020-06,12032.80081116
PT,EUR,2020-07,17176.00411904
PT,EUR,2020-08,8354.695
PT,EUR,2020-09,11908.28770292
PT,EUR,2020-10,8120.24954668
PT,EUR,2020-11,7220.27965002
PT,EUR,2020-12,10435.053141690001
PT,EUR,2021-01,7491.2508828499995
PT,EUR,2021-02,9496.86692167
PT,EUR,2021-03,7615.34003109
PT,EUR,2021-04,12283.701760330001
PT,EUR,2021-05,8771.210279840001
PT,EUR,2021-06,9063.22362606
PT,EUR,2021-07,9639.920157100001
PT,EUR,2021-08,5620.61882813
PT,EUR,2021-09,8426.56356594
PT,EUR,2021-10,6652.0424373000005
PT,EUR,2021-11,7836.00783126
PT,EUR,2021-12,6085.31141603
PT,EUR,2022-01,9235.71946275
PT,EUR,2022-02,6521.290432829999
PT,EUR,2022-03,10135.7549371
PT,EUR,2022-04,9209.687167709999
PT,EUR,2022-05,6931.13753632
PT,EUR,2022-06,10474.457864
PT,EUR,2022-07,5894.240913860001
PT,EUR,2022-08,2792.7640452699998
PT,EUR,2022-09,8872.711848719999
PT,EUR,2022-10,9670.68063272
PT,EUR,2022-11,5357.20254033
PT,EUR,2022-12,6212.05164497
PT,EUR,2023-01,9785.85439065
PT,EUR,2023-02,9686.53574797
PT,EUR,2023-03,7363.57607497
PT,EUR,2023-04,5336.86051673
PT,EUR,2023-05,6480.04702565
PT,EUR,2023-06,8884.44236303
PT,EUR,2023-07,8375.55619
PT,EUR,2023-08,4443.78951109
PT,EUR,2023-09,7353.068321
PT,EUR,2023-10,6037.40251135
PT,EUR,2023-11,5850.037204640001
PT,EUR,2023-12,9887.85843111
PT,EUR,2024-01,13053.16035593
PT,EUR,2024-02,11311.84736074
PT,EUR,2024-03,10771.81914242
PT,EUR,2024-04,8646.135082499999
PT,EUR,2024-05,14496.8210088
PT,EUR,2024-06,8894.26798887
PT,EUR,2024-07,8011.14757051
PT,EUR,2024-08,4407.33706978
PT,EUR,2024-09,10382.08056462
PT,EUR,2024-10,8180.761556189999
PT,EUR,2024-11,7043.36657703
PT,EUR,2024-12,10978.13849566
PT,EUR,2025-01,12299.381882769998
PT,EUR,2025-02,9932.60956659
PT,EUR,2025-03,10320.78753226
PT,EUR,2025-04,9469.744275460002
PT,EUR,2025-05,15445.52467162
PT,EUR,2025-06,12459.80192962
PT,EUR,2025-07,12282.29261406
PT,EUR,2025-08,4398.7304226
PT,EUR,2025-09,15695.497059510002
PT,EUR,2025-10,9301.31294837
PT,EUR,2025-11,9440.14152995
PT,EUR,2025-12,9405.93575919
PT,EUR,2026-01,14627.85144546
PT,EUR,2026-02,11316.44809088
PT,EUR,2026-03,11652.2362155
PT,EUR,2026-04,12648.00106522
PT,EUR,2026-05,14888.24526341
PT,EUR,2026-06,16279.70889488
PT,EUR,2026-07,13850.42319238
PT,X1,2014-01,178.26
PT,X1,2014-02,47.24
PT,X1,2014-03,130.47
PT,X1,2014-04,115.88
PT,X1,2014-05,100.5
PT,X1,2014-06,181.14
PT,X1,2014-07,3624.03
PT,X1,2014-08,149.53
PT,X1,2014-09,212.61
PT,X1,2014-10,88.49
PT,X1,2014-11,204.5
PT,X1,2014-12,97.01
PT,X1,2015-01,346.54
PT,X1,2015-02,127.93
PT,X1,2015-03,132.91
PT,X1,2015-04,199.05
PT,X1,2015-05,106.26
PT,X1,2015-06,100.73
PT,X1,2015-07,313.94
PT,X1,2015-08,98.33
PT,X1,2015-09,128.88
PT,X1,2015-10,131.71
PT,X1,2015-11,155.54
PT,X1,2015-12,193.22
PT,X1,2016-01,336.43
PT,X1,2016-02,126.18
PT,X1,2016-03,84
PT,X1,2016-04,146.05
PT,X1,2016-05,43.4
PT,X1,2016-06,88.95
PT,X1,2016-07,339.52
PT,X1,2016-08,67.48
PT,X1,2016-09,49.9
PT,X1,2016-10,49.72
PT,X1,2016-11,60.33
PT,X1,2016-12,47.2
PT,X1,2017-01,285.4
PT,X1,2017-02,68.32
PT,X1,2017-03,87.65
PT,X1,2017-04,68.45
PT,X1,2017-05,19.82
PT,X1,2017-06,78.94
PT,X1,2017-07,290.44
PT,X1,2017-08,123.86
PT,X1,2017-09,85.36
PT,X1,2017-10,95.47
PT,X1,2017-11,83.56
PT,X1,2017-12,201.99
PT,X1,2018-01,303.98
PT,X1,2018-02,168.68
PT,X1,2018-03,241.64
PT,X1,2018-04,101.05
PT,X1,2018-05,195.88
PT,X1,2018-06,164.67
PT,X1,2018-07,383.8
PT,X1,2018-08,99.54
PT,X1,2018-09,107.15
PT,X1,2018-10,100.38
PT,X1,2018-11,111.55
PT,X1,2018-12,183.82
PT,X1,2019-01,266.35
PT,X1,2019-02,67.06
PT,X1,2019-03,214.77
PT,X1,2019-04,41.36
PT,X1,2019-05,48.92
PT,X1,2019-06,303.1
PT,X1,2019-07,44.78
PT,X1,2019-08,44.99
PT,X1,2019-09,72.14
PT,X1,2019-10,36.91
PT,X1,2019-11,40.14
PT,X1,2019-12,36.97
PT,X1,2020-01,244.93
PT,X1,2020-02,33.49
PT,X1,2020-03,31.66
PT,X1,2020-04,21.97
PT,X1,2020-05,31.46
PT,X1,2020-06,31.92
PT,X1,2020-07,294.48
PT,X1,2020-08,41.37
PT,X1,2020-09,56.44
PT,X1,2020-10,61.48
PT,X1,2020-11,45.36
PT,X1,2020-12,43.94563
PT,X1,2021-01,251.21376699096
PT,X1,2021-02,49.28034
PT,X1,2021-03,51.913834663889
PT,X1,2021-04,144.5309277686
PT,X1,2021-05,13.19959
PT,X1,2021-06,23.65266
PT,X1,2021-07,239.39059
PT,X1,2021-08,23.07349
PT,X1,2021-09,25.60084
PT,X1,2021-10,45.93005
PT,X1,2021-11,41.865915681275
PT,X1,2021-12,52.580157345
PT,X1,2022-01,290.11679768618
PT,X1,2022-02,51.918399130312
PT,X1,2022-03,52.2779166446
PT,X1,2022-04,295.17086706174
PT,X1,2022-05,289.492414518225
PT,X1,2022-06,52.593622149375
PT,X1,2022-07,41.676952019125
PT,X1,2022-08,34.192335098125
PT,X1,2022-09,31.56071313125
PT,X1,2022-10,70.97806
PT,X1,2022-11,37.747929384313
PT,X1,2022-12,42.950561298
PT,X1,2023-01,58.15261
PT,X1,2023-02,61.185867239277
PT,X1,2023-03,60.42612652845
PT,X1,2023-04,60.80085
PT,X1,2023-05,58.77393843885
PT,X1,2023-06,75.777907009125
PT,X1,2023-07,112.67687000000001
PT,X1,2023-08,80.977133561562
PT,X1,2023-09,121.99119
PT,X1,2023-10,143.38436000000002
PT,X1,2023-11,215.9783975003
PT,X1,2023-12,215.6778220158
PT,X1,2024-01,88.15266
PT,X1,2024-02,52.68702
PT,X1,2024-03,60.7512833335
PT,X1,2024-04,101.3248561303
PT,X1,2024-05,84.2814960765
PT,X1,2024-06,116.12178939489
PT,X1,2024-07,73.26110449685
PT,X1,2024-08,53.7378004506
PT,X1,2024-09,134.34666899695
PT,X1,2024-10,56.582460620515
PT,X1,2024-11,59.9300915154
PT,X1,2024-12,67.554673225
PT,X1,2025-01,77.221589231
PT,X1,2025-02,77.273267744292
PT,X1,2025-03,68.71745
PT,X1,2025-04,153.06459598351
PT,X1,2025-05,84.62545519
PT,X1,2025-06,86.857763857645
PT,X1,2025-07,90.162675220221
PT,X1,2025-08,41.142271668817
PT,X1,2025-09,105.75855
PT,X1,2025-10,101.35319543039
PT,X1,2025-11,88.37369455
PT,X1,2025-12,118.177633275
PT,X1,2026-01,101.31826
PT,X1,2026-02,78.334799999821
PT,X1,2026-03,75.993000252482
PT,X1,2026-04,423.87535245757
PT,X1,2026-05,81.176295957
PT,X1,2026-06,102.6203473654
PT,X1,2026-07,97.5133739344
PT,_T,2014-01,20549.29
PT,_T,2014-02,23417.64
PT,_T,2014-03,15444.69157733
PT,_T,2014-04,30266.49
PT,_T,2014-05,24867.16
PT,_T,2014-06,18185.47
PT,_T,2014-07,17805.81
PT,_T,2014-08,10776.08
PT,_T,2014-09,18385.36488227
PT,_T,2014-10,12647.37
PT,_T,2014-11,17707.369495
PT,_T,2014-12,21136.23181051
PT,_T,2015-01,20803.05
PT,_T,2015-02,22240.88
PT,_T,2015-03,21740.14
PT,_T,2015-04,25170.01
PT,_T,2015-05,28651.85
PT,_T,2015-06,15085.78
PT,_T,2015-07,15836.3935
PT,_T,2015-08,7801.98
PT,_T,2015-09,14271.46
PT,_T,2015-10,15507.87
PT,_T,2015-11,12432.91
PT,_T,2015-12,14766.41
PT,_T,2016-01,14044.47266345
PT,_T,2016-02,11116.25
PT,_T,2016-03,12959.54
PT,_T,2016-04,10781.07
PT,_T,2016-05,14297.99683472
PT,_T,2016-06,12195.26
PT,_T,2016-07,13644.17
PT,_T,2016-08,10831.21
PT,_T,2016-09,13286.93
PT,_T,2016-10,8820.32
PT,_T,2016-11,12603.67
PT,_T,2016-12,12561.74
PT,_T,2017-01,15281.21
PT,_T,2017-02,9471.12
PT,_T,2017-03,12394.62
PT,_T,2017-04,12581.71
PT,_T,2017-05,13881.95
PT,_T,2017-06,12005.82
PT,_T,2017-07,15235.73
PT,_T,2017-08,10570.58
PT,_T,2017-09,15171.36
PT,_T,2017-10,12684.37
PT,_T,2017-11,13114.15
PT,_T,2017-12,13962.66117915
PT,_T,2018-01,16227.13
PT,_T,2018-02,9084.63
PT,_T,2018-03,11311.02
PT,_T,2018-04,12509.96
PT,_T,2018-05,12207.99
PT,_T,2018-06,14856.06
PT,_T,2018-07,13115.91
PT,_T,2018-08,7335.47
PT,_T,2018-09,11196.18
PT,_T,2018-10,12714.89
PT,_T,2018-11,10697.93
PT,_T,2018-12,13950.29
PT,_T,2019-01,16560.6
PT,_T,2019-02,10280.20494
PT,_T,2019-03,13692.31594763
PT,_T,2019-04,10738.91533024
PT,_T,2019-05,12141
PT,_T,2019-06,13335.39
PT,_T,2019-07,15872.82
PT,_T,2019-08,7657.36
PT,_T,2019-09,13186.49
PT,_T,2019-10,11477.06
PT,_T,2019-11,10374.4
PT,_T,2019-12,12868.50764748
PT,_T,2020-01,17222.76079954
PT,_T,2020-02,10531.67
PT,_T,2020-03,13219.45756191
PT,_T,2020-04,21429.06735001
PT,_T,2020-05,12362.14
PT,_T,2020-06,12064.72081116
PT,_T,2020-07,17470.48411904
PT,_T,2020-08,8396.065
PT,_T,2020-09,11964.72770292
PT,_T,2020-10,8181.72954668
PT,_T,2020-11,7265.63965002
PT,_T,2020-12,10478.998771690001
PT,_T,2021-01,7742.464649840959
PT,_T,2021-02,9546.147261670001
PT,_T,2021-03,7667.253865753888
PT,_T,2021-04,12428.2326880986
PT,_T,2021-05,8784.409869840001
PT,_T,2021-06,9086.87628606
PT,_T,2021-07,9879.3107471
PT,_T,2021-08,5643.69231813
PT,_T,2021-09,8452.16440594
PT,_T,2021-10,6697.9724873000005
PT,_T,2021-11,7877.873746941275
PT,_T,2021-12,6137.891573375
PT,_T,2022-01,9525.83626043618
PT,_T,2022-02,6573.208831960312
PT,_T,2022-03,10188.0328537446
PT,_T,2022-04,9504.85803477174
PT,_T,2022-05,7220.629950838225
PT,_T,2022-06,10527.051486149376
PT,_T,2022-07,5935.917865879125
PT,_T,2022-08,2826.956380368125
PT,_T,2022-09,8904.272561851249
PT,_T,2022-10,9741.65869272
PT,_T,2022-11,5394.950469714313
PT,_T,2022-12,6255.002206268
PT,_T,2023-01,9844.00700065
PT,_T,2023-02,9747.721615209277
PT,_T,2023-03,7424.002201498451
PT,_T,2023-04,5397.66136673
PT,_T,2023-05,6538.82096408885
PT,_T,2023-06,8960.220270039124
PT,_T,2023-07,8488.23306
PT,_T,2023-08,4524.766644651562
PT,_T,2023-09,7475.0595109999995
PT,_T,2023-10,6180.78687135
PT,_T,2023-11,6066.015602140301
PT,_T,2023-12,10103.5362531258
PT,_T,2024-01,13141.31301593
PT,_T,2024-02,11364.53438074
PT,_T,2024-03,10832.5704257535
PT,_T,2024-04,8747.459938630298
PT,_T,2024-05,14581.1025048765
PT,_T,2024-06,9010.38977826489
PT,_T,2024-07,8084.408675006851
PT,_T,2024-08,4461.0748702306
PT,_T,2024-09,10516.42723361695
PT,_T,2024-10,8237.344016810515
PT,_T,2024-11,7103.2966685454
PT,_T,2024-12,11045.693168885
PT,_T,2025-01,12376.603472001
PT,_T,2025-02,10009.88283433429
PT,_T,2025-03,10389.50498226
PT,_T,2025-04,9622.80887144351
PT,_T,2025-05,15530.15012681
PT,_T,2025-06,12546.659693477646
PT,_T,2025-07,12372.45528928022
PT,_T,2025-08,4439.872694268817
PT,_T,2025-09,15801.25560951
PT,_T,2025-10,9402.66614380039
PT,_T,2025-11,9528.5152245
PT,_T,2025-12,9524.113392465
PT,_T,2026-01,14729.16970546
PT,_T,2026-02,11394.782890879822
PT,_T,2026-03,11728.22921575248
PT,_T,2026-04,13071.87641767757
PT,_T,2026-05,14969.421559366998
PT,_T,2026-06,16382.3292422454
PT,_T,2026-07,13947.936566314402
